[{"model": "contenttypes.contenttype", "pk": 1, "fields": {"app_label": "auth", "model": "permission"}}, {"model": "contenttypes.contenttype", "pk": 2, "fields": {"app_label": "auth", "model": "group"}}, {"model": "contenttypes.contenttype", "pk": 3, "fields": {"app_label": "auth", "model": "user"}}, {"model": "contenttypes.contenttype", "pk": 4, "fields": {"app_label": "admin", "model": "logentry"}}, {"model": "contenttypes.contenttype", "pk": 5, "fields": {"app_label": "contenttypes", "model": "contenttype"}}, {"model": "contenttypes.contenttype", "pk": 6, "fields": {"app_label": "sessions", "model": "session"}}, {"model": "contenttypes.contenttype", "pk": 7, "fields": {"app_label": "sites", "model": "site"}}, {"model": "contenttypes.contenttype", "pk": 8, "fields": {"app_label": "flatpages", "model": "flatpage"}}, {"model": "contenttypes.contenttype", "pk": 9, "fields": {"app_label": "redirects", "model": "redirect"}}, {"model": "contenttypes.contenttype", "pk": 10, "fields": {"app_label": "social_django", "model": "association"}}, {"model": "contenttypes.contenttype", "pk": 11, "fields": {"app_label": "social_django", "model": "code"}}, {"model": "contenttypes.contenttype", "pk": 12, "fields": {"app_label": "social_django", "model": "nonce"}}, {"model": "contenttypes.contenttype", "pk": 13, "fields": {"app_label": "social_django", "model": "usersocialauth"}}, {"model": "contenttypes.contenttype", "pk": 14, "fields": {"app_label": "social_django", "model": "partial"}}, {"model": "contenttypes.contenttype", "pk": 15, "fields": {"app_label": "authtoken", "model": "token"}}, {"model": "contenttypes.contenttype", "pk": 16, "fields": {"app_label": "users", "model": "newsletter"}}, {"model": "contenttypes.contenttype", "pk": 17, "fields": {"app_label": "users", "model": "profile"}}, {"model": "contenttypes.contenttype", "pk": 18, "fields": {"app_label": "users", "model": "frecuency"}}, {"model": "contenttypes.contenttype", "pk": 19, "fields": {"app_label": "brands", "model": "brand"}}, {"model": "contenttypes.contenttype", "pk": 20, "fields": {"app_label": "cars", "model": "car"}}, {"model": "contenttypes.contenttype", "pk": 21, "fields": {"app_label": "medias", "model": "video"}}, {"model": "contenttypes.contenttype", "pk": 22, "fields": {"app_label": "medias", "model": "photo"}}, {"model": "contenttypes.contenttype", "pk": 23, "fields": {"app_label": "base", "model": "carousel"}}, {"model": "contenttypes.contenttype", "pk": 24, "fields": {"app_label": "base", "model": "site"}}, {"model": "contenttypes.contenttype", "pk": 25, "fields": {"app_label": "base", "model": "pages"}}, {"model": "contenttypes.contenttype", "pk": 26, "fields": {"app_label": "base", "model": "position"}}, {"model": "contenttypes.contenttype", "pk": 27, "fields": {"app_label": "base", "model": "carouselimage"}}, {"model": "contenttypes.contenttype", "pk": 28, "fields": {"app_label": "base", "model": "socialmedia"}}, {"model": "contenttypes.contenttype", "pk": 29, "fields": {"app_label": "base", "model": "widget"}}, {"model": "sessions.session", "pk": "be4k9xzypj4jqrbwp2j45jt6bienhvlv", "fields": {"session_data": "YzRlMGNjZmVhYjFlZjI1NDY3MWVmY2FhMDExNDMyODk5MmNlYmI2Nzp7fQ==", "expire_date": "2018-09-06T16:04:30.048Z"}}, {"model": "sessions.session", "pk": "gdx1e8ylyu6dji6ncvugjgdx20agk8m3", "fields": {"session_data": "YzRlMGNjZmVhYjFlZjI1NDY3MWVmY2FhMDExNDMyODk5MmNlYmI2Nzp7fQ==", "expire_date": "2018-09-06T15:31:08.152Z"}}, {"model": "sessions.session", "pk": "hjxozu3s4s4ksaxpn9ukq8qjl3q6t2dk", "fields": {"session_data": "Y2U4ODg5YTc0ODhjZmIxYzY4OGE4ZjU0NzRiM2E2YTI4ZjY0NDBlYjp7Il9hdXRoX3VzZXJfaWQiOiIxIiwiX2F1dGhfdXNlcl9iYWNrZW5kIjoiZGphbmdvLmNvbnRyaWIuYXV0aC5iYWNrZW5kcy5Nb2RlbEJhY2tlbmQiLCJfYXV0aF91c2VyX2hhc2giOiJjZjU2YWFhMzY4ZGE4ZmY1NThkMTczOTA5NTA3OTlhOGU4YmY2MmQ2In0=", "expire_date": "2019-01-02T20:28:20.737Z"}}, {"model": "sessions.session", "pk": "jgdiweypx8kqd5qlr8mpb544jsoi2gf2", "fields": {"session_data": "Y2U4ODg5YTc0ODhjZmIxYzY4OGE4ZjU0NzRiM2E2YTI4ZjY0NDBlYjp7Il9hdXRoX3VzZXJfaWQiOiIxIiwiX2F1dGhfdXNlcl9iYWNrZW5kIjoiZGphbmdvLmNvbnRyaWIuYXV0aC5iYWNrZW5kcy5Nb2RlbEJhY2tlbmQiLCJfYXV0aF91c2VyX2hhc2giOiJjZjU2YWFhMzY4ZGE4ZmY1NThkMTczOTA5NTA3OTlhOGU4YmY2MmQ2In0=", "expire_date": "2018-12-14T18:42:46.968Z"}}, {"model": "sessions.session", "pk": "jjvpleum438dn51ntdw1gq81gnteuvv5", "fields": {"session_data": "YzRlMGNjZmVhYjFlZjI1NDY3MWVmY2FhMDExNDMyODk5MmNlYmI2Nzp7fQ==", "expire_date": "2018-09-06T15:07:51.630Z"}}, {"model": "sessions.session", "pk": "k8wpz842bavydvbejo1ba15mody8qwj2", "fields": {"session_data": "NWM3YzZlY2NkYzJjOTQyNDkzNzYwM2U4ZDhkMDYyNTAwODM2YjZlYTp7Il9hdXRoX3VzZXJfaWQiOiIxIiwiX2F1dGhfdXNlcl9iYWNrZW5kIjoiYXBwLkVtYWlsQmFja2VuZC5FbWFpbEJhY2tlbmQiLCJfYXV0aF91c2VyX2hhc2giOiJjZjU2YWFhMzY4ZGE4ZmY1NThkMTczOTA5NTA3OTlhOGU4YmY2MmQ2In0=", "expire_date": "2018-09-06T17:08:29.799Z"}}, {"model": "sessions.session", "pk": "kzxebho706irjwhz3u52nehb16alkcao", "fields": {"session_data": "Y2U4ODg5YTc0ODhjZmIxYzY4OGE4ZjU0NzRiM2E2YTI4ZjY0NDBlYjp7Il9hdXRoX3VzZXJfaWQiOiIxIiwiX2F1dGhfdXNlcl9iYWNrZW5kIjoiZGphbmdvLmNvbnRyaWIuYXV0aC5iYWNrZW5kcy5Nb2RlbEJhY2tlbmQiLCJfYXV0aF91c2VyX2hhc2giOiJjZjU2YWFhMzY4ZGE4ZmY1NThkMTczOTA5NTA3OTlhOGU4YmY2MmQ2In0=", "expire_date": "2018-11-06T19:20:38.917Z"}}, {"model": "sessions.session", "pk": "ot89faawt0eeidou7uty389nx8tg3qit", "fields": {"session_data": "YzRlMGNjZmVhYjFlZjI1NDY3MWVmY2FhMDExNDMyODk5MmNlYmI2Nzp7fQ==", "expire_date": "2018-09-06T15:21:18.258Z"}}, {"model": "sessions.session", "pk": "tryjlvvddkrodhx5u72zu2sz5mm2xgnn", "fields": {"session_data": "YzRlMGNjZmVhYjFlZjI1NDY3MWVmY2FhMDExNDMyODk5MmNlYmI2Nzp7fQ==", "expire_date": "2018-09-06T15:59:14.847Z"}}, {"model": "sessions.session", "pk": "vqxpcumgfxcxk6qsx1tjxxjyhttadair", "fields": {"session_data": "YzRlMGNjZmVhYjFlZjI1NDY3MWVmY2FhMDExNDMyODk5MmNlYmI2Nzp7fQ==", "expire_date": "2018-09-06T15:58:04.182Z"}}, {"model": "sessions.session", "pk": "yvpjlwcxplpcruvjoj1e3axts78puzhu", "fields": {"session_data": "YzRlMGNjZmVhYjFlZjI1NDY3MWVmY2FhMDExNDMyODk5MmNlYmI2Nzp7fQ==", "expire_date": "2018-09-06T16:02:01.239Z"}}, {"model": "sessions.session", "pk": "z8pauturw0pop6jfr8c9499hlns57xy1", "fields": {"session_data": "Y2U4ODg5YTc0ODhjZmIxYzY4OGE4ZjU0NzRiM2E2YTI4ZjY0NDBlYjp7Il9hdXRoX3VzZXJfaWQiOiIxIiwiX2F1dGhfdXNlcl9iYWNrZW5kIjoiZGphbmdvLmNvbnRyaWIuYXV0aC5iYWNrZW5kcy5Nb2RlbEJhY2tlbmQiLCJfYXV0aF91c2VyX2hhc2giOiJjZjU2YWFhMzY4ZGE4ZmY1NThkMTczOTA5NTA3OTlhOGU4YmY2MmQ2In0=", "expire_date": "2019-01-03T21:30:29.775Z"}}, {"model": "sites.site", "pk": 1, "fields": {"domain": "luxurymotorspanama.com", "name": "Luxury Motors Panam\u00e1"}}, {"model": "base.position", "pk": 1, "fields": {"name": "Header", "description": ""}}, {"model": "base.position", "pk": 2, "fields": {"name": "Body", "description": ""}}, {"model": "base.position", "pk": 3, "fields": {"name": "Footer", "description": ""}}, {"model": "base.pages", "pk": 1, "fields": {"name": "Inicio", "description": "", "have_icon": false, "url": "/"}}, {"model": "base.pages", "pk": 2, "fields": {"name": "\u00bfQuienes somos?", "description": "", "have_icon": false, "url": "quienes-somos"}}, {"model": "base.pages", "pk": 3, "fields": {"name": "Inventario", "description": "", "have_icon": false, "url": "inventario"}}, {"model": "base.pages", "pk": 4, "fields": {"name": "Contacto", "description": "", "have_icon": false, "url": "contacto"}}, {"model": "base.carousel", "pk": 1, "fields": {"name": "home carrousel", "description": "", "page": 1, "position": 1, "crated_at": "2018-12-20T22:51:47.052Z"}}, {"model": "base.carousel", "pk": 2, "fields": {"name": "about carrousel", "description": "", "page": 2, "position": 1, "crated_at": "2018-12-20T23:25:16.762Z"}}, {"model": "base.carouselimage", "pk": 1, "fields": {"Carousel": 1, "image": "brand/2018/12/20/0sc1s.jpg", "name": "", "text": "", "call_to_action_url": null, "uploaded_at": "2018-12-20T22:17:06.616Z"}}, {"model": "base.carouselimage", "pk": 2, "fields": {"Carousel": 1, "image": "brand/2018/12/20/-s-oc.jpg", "name": "", "text": "", "call_to_action_url": null, "uploaded_at": "2018-12-20T22:17:06.743Z"}}, {"model": "base.carouselimage", "pk": 3, "fields": {"Carousel": 1, "image": "brand/2018/12/20/cc0rc.jpg", "name": "", "text": "", "call_to_action_url": null, "uploaded_at": "2018-12-20T22:17:06.753Z"}}, {"model": "base.carouselimage", "pk": 4, "fields": {"Carousel": 1, "image": "brand/2018/12/20/-5-cr.jpg", "name": "", "text": "", "call_to_action_url": null, "uploaded_at": "2018-12-20T22:18:37.567Z"}}, {"model": "base.carouselimage", "pk": 5, "fields": {"Carousel": 1, "image": "brand/2018/12/20/s-srr.jpg", "name": "", "text": "", "call_to_action_url": null, "uploaded_at": "2018-12-20T22:17:06.775Z"}}, {"model": "base.carouselimage", "pk": 7, "fields": {"Carousel": 1, "image": "brand/2018/12/20/22-oa.jpg", "name": "", "text": "", "call_to_action_url": null, "uploaded_at": "2018-12-20T22:18:37.584Z"}}, {"model": "base.carouselimage", "pk": 8, "fields": {"Carousel": 2, "image": "brand/2018/12/20/1-1cr.jpg", "name": "", "text": "", "call_to_action_url": null, "uploaded_at": "2018-12-20T23:25:16.770Z"}}, {"model": "base.site", "pk": 1, "fields": {"name": "Luxury Motors Panam\u00e1", "title": "Luxury Motors Panam\u00e1", "description": "<p>&nbsp;</p>\r\n\r\n<p>Con mas de 20 a&ntilde;os en el mercado de autos de lujos, somos pioneros en la ciudad de Panam&aacute; y contamos con amplia experiencia en el area.</p>", "short_description": "<p>&nbsp;</p>\r\n\r\n<p>Con mas de 20 a&ntilde;os en el mercado de autos de lujos, somos pioneros en la ciudad de Panam&aacute; y contamos con amplia experiencia en el area.</p>", "url": "https://www.luxurymotorspanama.com/", "phone": "+507 - 229-0628", "phone2": "+507 - 6618-8330", "email": "luxurymotorspanama@gmail.com", "email2": null, "schedule": null, "schedule2": null, "workday": null, "address": null, "address1": null, "logo": "", "site_img": "", "services_img": "", "products_img": "", "is_undercostruction": false}}, {"model": "brands.brand", "pk": 1, "fields": {"name": "Audi", "slug": "audi", "alt": "audi", "count": 0, "img": "brand/audi/2018/08/24/uuida.jpg", "is_active": false}}, {"model": "brands.brand", "pk": 2, "fields": {"name": "Lamborghini", "slug": "lamborghini", "alt": "lamborghini", "count": 0, "img": "brand/lamborghini/2018/08/24/gaaii.jpg", "is_active": false}}, {"model": "brands.brand", "pk": 3, "fields": {"name": "Maserati", "slug": "maserati", "alt": "maserati", "count": 0, "img": "brand/maserati/2018/10/19/rsits.jpg", "is_active": false}}, {"model": "brands.brand", "pk": 4, "fields": {"name": "Jeep", "slug": "jeep", "alt": "jeep", "count": 0, "img": "brand/jeep/2018/10/19/eepje.jpg", "is_active": false}}, {"model": "brands.brand", "pk": 5, "fields": {"name": "Ferrari", "slug": "ferrari", "alt": "ferrari", "count": 0, "img": "brand/ferrari/2018/10/19/rrrre.jpg", "is_active": false}}, {"model": "brands.brand", "pk": 6, "fields": {"name": "Mercedes-Benz", "slug": "mercedes-benz", "alt": "mercedes-benz", "count": 0, "img": "brand/mercedes-benz/2018/10/23/eecee.jpg", "is_active": false}}, {"model": "brands.brand", "pk": 7, "fields": {"name": "Land Rover", "slug": "land-rover", "alt": "land rover", "count": 0, "img": "brand/land rover/2018/12/20/rnard.jpg", "is_active": false}}, {"model": "brands.brand", "pk": 8, "fields": {"name": "Acura", "slug": "acura", "alt": "Acura", "count": 0, "img": "brand/acura/2018/12/20/aooyt.jpg", "is_active": false}}, {"model": "brands.brand", "pk": 9, "fields": {"name": "BMW", "slug": "bmw", "alt": "bmw", "count": 0, "img": "brand/bmw/2018/10/23/wmmwm.jpg", "is_active": false}}, {"model": "cars.car", "pk": 1, "fields": {"img": "medias/mercedes-benz/q7/00000.jpg", "brand": 6, "model": "Q7", "milage": "1000", "year": "2017", "direction": "Manual", "sub_type": "4 X 4", "traction": "Test", "transmission": "Test", "color": "Blanco", "fuel": "Gasolina", "engine": "V8", "price": 50000, "slug": "audi-q7-2017", "description": "<p>test</p>", "status": "SOLD", "views": 34}}, {"model": "cars.car", "pk": 2, "fields": {"img": "medias/audi/a3/00101.jpg", "brand": 1, "model": "a3", "milage": "123", "year": "1993", "direction": "test", "sub_type": "test", "traction": "test", "transmission": "test", "color": "test", "fuel": "test", "engine": "test", "price": 500, "slug": "maserati-a3-1993", "description": "<p>test</p>", "status": "IN", "views": 16}}, {"model": "cars.car", "pk": 3, "fields": {"img": "medias/acura/s/03300.jpg", "brand": 8, "model": "s", "milage": "", "year": "", "direction": "", "sub_type": "", "traction": "", "transmission": "", "color": "", "fuel": "", "engine": "", "price": 30000, "slug": "acura-s-", "description": "", "status": "IN", "views": 19}}, {"model": "cars.car", "pk": 5, "fields": {"img": "medias/acura/sss/80088.jpg", "brand": 8, "model": "sss", "milage": "", "year": "", "direction": "", "sub_type": "", "traction": "", "transmission": "", "color": "", "fuel": "", "engine": "", "price": null, "slug": "acura-sss-", "description": "", "status": "IN", "views": 18}}, {"model": "cars.car", "pk": 6, "fields": {"img": "medias/acura/sssd/55555.jpg", "brand": 8, "model": "sssd", "milage": "", "year": "", "direction": "", "sub_type": "", "traction": "", "transmission": "", "color": "", "fuel": "", "engine": "", "price": null, "slug": "acura-sssd-", "description": "", "status": "IN", "views": 59}}, {"model": "medias.photo", "pk": 4, "fields": {"img": "/photos/lmp.jpg", "category": "", "alt": "", "position": 0, "featured": false, "content_type": 1, "object_id": 1}}, {"model": "medias.photo", "pk": 5, "fields": {"img": "medias/2018/12/19/00111.jpg", "category": "", "alt": "", "position": 0, "featured": true, "content_type": 1, "object_id": 1}}, {"model": "medias.photo", "pk": 6, "fields": {"img": "medias/2018/12/19/00222.jpg", "category": "", "alt": "", "position": 0, "featured": true, "content_type": 1, "object_id": 1}}, {"model": "medias.photo", "pk": 7, "fields": {"img": "medias/2018/12/20/00000.jpg", "category": "", "alt": "", "position": 0, "featured": false, "content_type": 1, "object_id": 1}}, {"model": "medias.photo", "pk": 8, "fields": {"img": "medias/2018/12/20/00000_P07tNQr.jpg", "category": "", "alt": "", "position": 0, "featured": false, "content_type": 1, "object_id": 1}}, {"model": "medias.photo", "pk": 9, "fields": {"img": "medias/2018/12/20/00003.jpg", "category": "", "alt": "", "position": 0, "featured": false, "content_type": 1, "object_id": 1}}, {"model": "medias.photo", "pk": 10, "fields": {"img": "medias/2018/12/20/00044.jpg", "category": "", "alt": "", "position": 0, "featured": false, "content_type": 1, "object_id": 1}}, {"model": "medias.photo", "pk": 11, "fields": {"img": "medias/2018/12/20/10101.jpg", "category": "", "alt": "", "position": 0, "featured": false, "content_type": 20, "object_id": 6}}, {"model": "medias.photo", "pk": 12, "fields": {"img": "medias/2018/12/20/22202.jpg", "category": "", "alt": "", "position": 0, "featured": false, "content_type": 20, "object_id": 6}}, {"model": "medias.photo", "pk": 13, "fields": {"img": "medias/2018/12/20/33333.jpg", "category": "", "alt": "", "position": 0, "featured": false, "content_type": 20, "object_id": 6}}, {"model": "medias.photo", "pk": 14, "fields": {"img": "medias/2018/12/20/00040.jpg", "category": "", "alt": "", "position": 0, "featured": false, "content_type": 20, "object_id": 6}}, {"model": "medias.photo", "pk": 15, "fields": {"img": "medias/2018/12/20/50500.jpg", "category": "", "alt": "", "position": 0, "featured": false, "content_type": 20, "object_id": 6}}, {"model": "auth.permission", "pk": 1, "fields": {"name": "Can add permission", "content_type": 1, "codename": "add_permission"}}, {"model": "auth.permission", "pk": 2, "fields": {"name": "Can change permission", "content_type": 1, "codename": "change_permission"}}, {"model": "auth.permission", "pk": 3, "fields": {"name": "Can delete permission", "content_type": 1, "codename": "delete_permission"}}, {"model": "auth.permission", "pk": 4, "fields": {"name": "Can view permission", "content_type": 1, "codename": "view_permission"}}, {"model": "auth.permission", "pk": 5, "fields": {"name": "Can add group", "content_type": 2, "codename": "add_group"}}, {"model": "auth.permission", "pk": 6, "fields": {"name": "Can change group", "content_type": 2, "codename": "change_group"}}, {"model": "auth.permission", "pk": 7, "fields": {"name": "Can delete group", "content_type": 2, "codename": "delete_group"}}, {"model": "auth.permission", "pk": 8, "fields": {"name": "Can view group", "content_type": 2, "codename": "view_group"}}, {"model": "auth.permission", "pk": 9, "fields": {"name": "Can add user", "content_type": 3, "codename": "add_user"}}, {"model": "auth.permission", "pk": 10, "fields": {"name": "Can change user", "content_type": 3, "codename": "change_user"}}, {"model": "auth.permission", "pk": 11, "fields": {"name": "Can delete user", "content_type": 3, "codename": "delete_user"}}, {"model": "auth.permission", "pk": 12, "fields": {"name": "Can view user", "content_type": 3, "codename": "view_user"}}, {"model": "auth.permission", "pk": 13, "fields": {"name": "Can add log entry", "content_type": 4, "codename": "add_logentry"}}, {"model": "auth.permission", "pk": 14, "fields": {"name": "Can change log entry", "content_type": 4, "codename": "change_logentry"}}, {"model": "auth.permission", "pk": 15, "fields": {"name": "Can delete log entry", "content_type": 4, "codename": "delete_logentry"}}, {"model": "auth.permission", "pk": 16, "fields": {"name": "Can view log entry", "content_type": 4, "codename": "view_logentry"}}, {"model": "auth.permission", "pk": 17, "fields": {"name": "Can add content type", "content_type": 5, "codename": "add_contenttype"}}, {"model": "auth.permission", "pk": 18, "fields": {"name": "Can change content type", "content_type": 5, "codename": "change_contenttype"}}, {"model": "auth.permission", "pk": 19, "fields": {"name": "Can delete content type", "content_type": 5, "codename": "delete_contenttype"}}, {"model": "auth.permission", "pk": 20, "fields": {"name": "Can view content type", "content_type": 5, "codename": "view_contenttype"}}, {"model": "auth.permission", "pk": 21, "fields": {"name": "Can add session", "content_type": 6, "codename": "add_session"}}, {"model": "auth.permission", "pk": 22, "fields": {"name": "Can change session", "content_type": 6, "codename": "change_session"}}, {"model": "auth.permission", "pk": 23, "fields": {"name": "Can delete session", "content_type": 6, "codename": "delete_session"}}, {"model": "auth.permission", "pk": 24, "fields": {"name": "Can view session", "content_type": 6, "codename": "view_session"}}, {"model": "auth.permission", "pk": 25, "fields": {"name": "Can add site", "content_type": 7, "codename": "add_site"}}, {"model": "auth.permission", "pk": 26, "fields": {"name": "Can change site", "content_type": 7, "codename": "change_site"}}, {"model": "auth.permission", "pk": 27, "fields": {"name": "Can delete site", "content_type": 7, "codename": "delete_site"}}, {"model": "auth.permission", "pk": 28, "fields": {"name": "Can view site", "content_type": 7, "codename": "view_site"}}, {"model": "auth.permission", "pk": 29, "fields": {"name": "Can add flat page", "content_type": 8, "codename": "add_flatpage"}}, {"model": "auth.permission", "pk": 30, "fields": {"name": "Can change flat page", "content_type": 8, "codename": "change_flatpage"}}, {"model": "auth.permission", "pk": 31, "fields": {"name": "Can delete flat page", "content_type": 8, "codename": "delete_flatpage"}}, {"model": "auth.permission", "pk": 32, "fields": {"name": "Can view flat page", "content_type": 8, "codename": "view_flatpage"}}, {"model": "auth.permission", "pk": 33, "fields": {"name": "Can add redirect", "content_type": 9, "codename": "add_redirect"}}, {"model": "auth.permission", "pk": 34, "fields": {"name": "Can change redirect", "content_type": 9, "codename": "change_redirect"}}, {"model": "auth.permission", "pk": 35, "fields": {"name": "Can delete redirect", "content_type": 9, "codename": "delete_redirect"}}, {"model": "auth.permission", "pk": 36, "fields": {"name": "Can view redirect", "content_type": 9, "codename": "view_redirect"}}, {"model": "auth.permission", "pk": 37, "fields": {"name": "Can add association", "content_type": 10, "codename": "add_association"}}, {"model": "auth.permission", "pk": 38, "fields": {"name": "Can change association", "content_type": 10, "codename": "change_association"}}, {"model": "auth.permission", "pk": 39, "fields": {"name": "Can delete association", "content_type": 10, "codename": "delete_association"}}, {"model": "auth.permission", "pk": 40, "fields": {"name": "Can view association", "content_type": 10, "codename": "view_association"}}, {"model": "auth.permission", "pk": 41, "fields": {"name": "Can add code", "content_type": 11, "codename": "add_code"}}, {"model": "auth.permission", "pk": 42, "fields": {"name": "Can change code", "content_type": 11, "codename": "change_code"}}, {"model": "auth.permission", "pk": 43, "fields": {"name": "Can delete code", "content_type": 11, "codename": "delete_code"}}, {"model": "auth.permission", "pk": 44, "fields": {"name": "Can view code", "content_type": 11, "codename": "view_code"}}, {"model": "auth.permission", "pk": 45, "fields": {"name": "Can add nonce", "content_type": 12, "codename": "add_nonce"}}, {"model": "auth.permission", "pk": 46, "fields": {"name": "Can change nonce", "content_type": 12, "codename": "change_nonce"}}, {"model": "auth.permission", "pk": 47, "fields": {"name": "Can delete nonce", "content_type": 12, "codename": "delete_nonce"}}, {"model": "auth.permission", "pk": 48, "fields": {"name": "Can view nonce", "content_type": 12, "codename": "view_nonce"}}, {"model": "auth.permission", "pk": 49, "fields": {"name": "Can add user social auth", "content_type": 13, "codename": "add_usersocialauth"}}, {"model": "auth.permission", "pk": 50, "fields": {"name": "Can change user social auth", "content_type": 13, "codename": "change_usersocialauth"}}, {"model": "auth.permission", "pk": 51, "fields": {"name": "Can delete user social auth", "content_type": 13, "codename": "delete_usersocialauth"}}, {"model": "auth.permission", "pk": 52, "fields": {"name": "Can view user social auth", "content_type": 13, "codename": "view_usersocialauth"}}, {"model": "auth.permission", "pk": 53, "fields": {"name": "Can add partial", "content_type": 14, "codename": "add_partial"}}, {"model": "auth.permission", "pk": 54, "fields": {"name": "Can change partial", "content_type": 14, "codename": "change_partial"}}, {"model": "auth.permission", "pk": 55, "fields": {"name": "Can delete partial", "content_type": 14, "codename": "delete_partial"}}, {"model": "auth.permission", "pk": 56, "fields": {"name": "Can view partial", "content_type": 14, "codename": "view_partial"}}, {"model": "auth.permission", "pk": 57, "fields": {"name": "Can add Token", "content_type": 15, "codename": "add_token"}}, {"model": "auth.permission", "pk": 58, "fields": {"name": "Can change Token", "content_type": 15, "codename": "change_token"}}, {"model": "auth.permission", "pk": 59, "fields": {"name": "Can delete Token", "content_type": 15, "codename": "delete_token"}}, {"model": "auth.permission", "pk": 60, "fields": {"name": "Can view Token", "content_type": 15, "codename": "view_token"}}, {"model": "auth.permission", "pk": 61, "fields": {"name": "Can add newsletter", "content_type": 16, "codename": "add_newsletter"}}, {"model": "auth.permission", "pk": 62, "fields": {"name": "Can change newsletter", "content_type": 16, "codename": "change_newsletter"}}, {"model": "auth.permission", "pk": 63, "fields": {"name": "Can delete newsletter", "content_type": 16, "codename": "delete_newsletter"}}, {"model": "auth.permission", "pk": 64, "fields": {"name": "Can view newsletter", "content_type": 16, "codename": "view_newsletter"}}, {"model": "auth.permission", "pk": 65, "fields": {"name": "Can add Perfil de Usuario", "content_type": 17, "codename": "add_profile"}}, {"model": "auth.permission", "pk": 66, "fields": {"name": "Can change Perfil de Usuario", "content_type": 17, "codename": "change_profile"}}, {"model": "auth.permission", "pk": 67, "fields": {"name": "Can delete Perfil de Usuario", "content_type": 17, "codename": "delete_profile"}}, {"model": "auth.permission", "pk": 68, "fields": {"name": "Can view Perfil de Usuario", "content_type": 17, "codename": "view_profile"}}, {"model": "auth.permission", "pk": 69, "fields": {"name": "Can add Frecuencia de visita", "content_type": 18, "codename": "add_frecuency"}}, {"model": "auth.permission", "pk": 70, "fields": {"name": "Can change Frecuencia de visita", "content_type": 18, "codename": "change_frecuency"}}, {"model": "auth.permission", "pk": 71, "fields": {"name": "Can delete Frecuencia de visita", "content_type": 18, "codename": "delete_frecuency"}}, {"model": "auth.permission", "pk": 72, "fields": {"name": "Can view Frecuencia de visita", "content_type": 18, "codename": "view_frecuency"}}, {"model": "auth.permission", "pk": 73, "fields": {"name": "Can add Marca", "content_type": 19, "codename": "add_brand"}}, {"model": "auth.permission", "pk": 74, "fields": {"name": "Can change Marca", "content_type": 19, "codename": "change_brand"}}, {"model": "auth.permission", "pk": 75, "fields": {"name": "Can delete Marca", "content_type": 19, "codename": "delete_brand"}}, {"model": "auth.permission", "pk": 76, "fields": {"name": "Can view Marca", "content_type": 19, "codename": "view_brand"}}, {"model": "auth.permission", "pk": 77, "fields": {"name": "Can add Carro", "content_type": 20, "codename": "add_car"}}, {"model": "auth.permission", "pk": 78, "fields": {"name": "Can change Carro", "content_type": 20, "codename": "change_car"}}, {"model": "auth.permission", "pk": 79, "fields": {"name": "Can delete Carro", "content_type": 20, "codename": "delete_car"}}, {"model": "auth.permission", "pk": 80, "fields": {"name": "Can view Carro", "content_type": 20, "codename": "view_car"}}, {"model": "auth.permission", "pk": 81, "fields": {"name": "Can add Video", "content_type": 21, "codename": "add_video"}}, {"model": "auth.permission", "pk": 82, "fields": {"name": "Can change Video", "content_type": 21, "codename": "change_video"}}, {"model": "auth.permission", "pk": 83, "fields": {"name": "Can delete Video", "content_type": 21, "codename": "delete_video"}}, {"model": "auth.permission", "pk": 84, "fields": {"name": "Can view Video", "content_type": 21, "codename": "view_video"}}, {"model": "auth.permission", "pk": 85, "fields": {"name": "Can add Foto", "content_type": 22, "codename": "add_photo"}}, {"model": "auth.permission", "pk": 86, "fields": {"name": "Can change Foto", "content_type": 22, "codename": "change_photo"}}, {"model": "auth.permission", "pk": 87, "fields": {"name": "Can delete Foto", "content_type": 22, "codename": "delete_photo"}}, {"model": "auth.permission", "pk": 88, "fields": {"name": "Can view Foto", "content_type": 22, "codename": "view_photo"}}, {"model": "auth.permission", "pk": 89, "fields": {"name": "Can add Carousel", "content_type": 23, "codename": "add_carousel"}}, {"model": "auth.permission", "pk": 90, "fields": {"name": "Can change Carousel", "content_type": 23, "codename": "change_carousel"}}, {"model": "auth.permission", "pk": 91, "fields": {"name": "Can delete Carousel", "content_type": 23, "codename": "delete_carousel"}}, {"model": "auth.permission", "pk": 92, "fields": {"name": "Can view Carousel", "content_type": 23, "codename": "view_carousel"}}, {"model": "auth.permission", "pk": 93, "fields": {"name": "Can add Im\u00e1gen del carousel", "content_type": 27, "codename": "add_carouselimage"}}, {"model": "auth.permission", "pk": 94, "fields": {"name": "Can change Im\u00e1gen del carousel", "content_type": 27, "codename": "change_carouselimage"}}, {"model": "auth.permission", "pk": 95, "fields": {"name": "Can delete Im\u00e1gen del carousel", "content_type": 27, "codename": "delete_carouselimage"}}, {"model": "auth.permission", "pk": 96, "fields": {"name": "Can view Im\u00e1gen del carousel", "content_type": 27, "codename": "view_carouselimage"}}, {"model": "auth.permission", "pk": 97, "fields": {"name": "Can add P\u00e1gina", "content_type": 25, "codename": "add_pages"}}, {"model": "auth.permission", "pk": 98, "fields": {"name": "Can change P\u00e1gina", "content_type": 25, "codename": "change_pages"}}, {"model": "auth.permission", "pk": 99, "fields": {"name": "Can delete P\u00e1gina", "content_type": 25, "codename": "delete_pages"}}, {"model": "auth.permission", "pk": 100, "fields": {"name": "Can view P\u00e1gina", "content_type": 25, "codename": "view_pages"}}, {"model": "auth.permission", "pk": 101, "fields": {"name": "Can add Posici\u00f3n", "content_type": 26, "codename": "add_position"}}, {"model": "auth.permission", "pk": 102, "fields": {"name": "Can change Posici\u00f3n", "content_type": 26, "codename": "change_position"}}, {"model": "auth.permission", "pk": 103, "fields": {"name": "Can delete Posici\u00f3n", "content_type": 26, "codename": "delete_position"}}, {"model": "auth.permission", "pk": 104, "fields": {"name": "Can view Posici\u00f3n", "content_type": 26, "codename": "view_position"}}, {"model": "auth.permission", "pk": 105, "fields": {"name": "Can add Informacion del sitio", "content_type": 24, "codename": "add_site"}}, {"model": "auth.permission", "pk": 106, "fields": {"name": "Can change Informacion del sitio", "content_type": 24, "codename": "change_site"}}, {"model": "auth.permission", "pk": 107, "fields": {"name": "Can delete Informacion del sitio", "content_type": 24, "codename": "delete_site"}}, {"model": "auth.permission", "pk": 108, "fields": {"name": "Can view Informacion del sitio", "content_type": 24, "codename": "view_site"}}, {"model": "auth.permission", "pk": 109, "fields": {"name": "Can add Perfiles de redes sociales", "content_type": 28, "codename": "add_socialmedia"}}, {"model": "auth.permission", "pk": 110, "fields": {"name": "Can change Perfiles de redes sociales", "content_type": 28, "codename": "change_socialmedia"}}, {"model": "auth.permission", "pk": 111, "fields": {"name": "Can delete Perfiles de redes sociales", "content_type": 28, "codename": "delete_socialmedia"}}, {"model": "auth.permission", "pk": 112, "fields": {"name": "Can view Perfiles de redes sociales", "content_type": 28, "codename": "view_socialmedia"}}, {"model": "auth.permission", "pk": 113, "fields": {"name": "Can add Widget", "content_type": 29, "codename": "add_widget"}}, {"model": "auth.permission", "pk": 114, "fields": {"name": "Can change Widget", "content_type": 29, "codename": "change_widget"}}, {"model": "auth.permission", "pk": 115, "fields": {"name": "Can delete Widget", "content_type": 29, "codename": "delete_widget"}}, {"model": "auth.permission", "pk": 116, "fields": {"name": "Can view Widget", "content_type": 29, "codename": "view_widget"}}, {"model": "auth.user", "pk": 1, "fields": {"password": "pbkdf2_sha256$120000$zN9MIIODdjsI$iQBJSGvTz1WSFBQMRZjLIHjxjfj7BQDR6KwslDffFSs=", "last_login": "2018-12-20T21:30:29.758Z", "is_superuser": true, "username": "jhernandez.18p", "first_name": "Josmer", "last_name": "Hern\u00e1ndez", "email": "jhernandez.18p@gmail.com", "is_staff": true, "is_active": true, "date_joined": "2018-08-21T04:34:34Z", "groups": [], "user_permissions": []}}, {"model": "auth.user", "pk": 2, "fields": {"password": "pbkdf2_sha256$120000$Ys56iYVSKV2D$eimViIE+WU0KyzEv8d+d8QG4MZ9EZNFqdJRp3ItOMgg=", "last_login": "2018-08-23T17:04:31Z", "is_superuser": false, "username": "jhernandez.18ps", "first_name": "Josmer", "last_name": "Hern\u00e1ndez", "email": "jhernandez.18ps@gmail.com", "is_staff": false, "is_active": true, "date_joined": "2018-08-22T19:42:27Z", "groups": [], "user_permissions": []}}, {"model": "auth.user", "pk": 3, "fields": {"password": "pbkdf2_sha256$120000$mU4P3doW79mJ$b8zCJIh4VnKt60V9+4bkT/hC0mPjyF0KPHOMUSNLY4g=", "last_login": null, "is_superuser": false, "username": "acerentpty", "first_name": "", "last_name": "", "email": "jhernandez.18p@sgmail.com", "is_staff": false, "is_active": true, "date_joined": "2018-08-22T19:49:17Z", "groups": [], "user_permissions": []}}, {"model": "auth.user", "pk": 4, "fields": {"password": "pbkdf2_sha256$120000$U4hfEMCRntsO$0dO22sk5hYwh6MQQ1CHWX5TX4wWcThyo49xnD4wcDB8=", "last_login": "2018-08-23T17:09:23Z", "is_superuser": false, "username": "jhernandez.18pss", "first_name": "Josmer", "last_name": "Hern\u00e1ndez", "email": "jhernandez.18p@gmail.comss", "is_staff": false, "is_active": true, "date_joined": "2018-08-22T20:03:03Z", "groups": [], "user_permissions": []}}, {"model": "auth.user", "pk": 5, "fields": {"password": "pbkdf2_sha256$120000$jv5YW7oYfL0D$aAmdEYy8A82UKln6uZHrdsuYGv4TXhF4hFZDpzO6vZg=", "last_login": null, "is_superuser": false, "username": "josmer", "first_name": "", "last_name": "", "email": "test@texts.com", "is_staff": false, "is_active": true, "date_joined": "2018-08-22T20:08:36Z", "groups": [], "user_permissions": []}}, {"model": "auth.user", "pk": 6, "fields": {"password": "pbkdf2_sha256$120000$uIDvDdjYano8$h/wIt6R+i2oXrlR7P0FQh4BLxcBrraJAAbf1aZ8A4Cc=", "last_login": null, "is_superuser": false, "username": "josmser", "first_name": "", "last_name": "", "email": "test@textss.com", "is_staff": false, "is_active": true, "date_joined": "2018-08-22T20:10:14Z", "groups": [], "user_permissions": []}}, {"model": "auth.user", "pk": 7, "fields": {"password": "pbkdf2_sha256$120000$3GGR8SLDAyhs$Ueso9Wm8wzIvVu1hEG7Ios4dM+d+MYRJasfsOSOHfBI=", "last_login": null, "is_superuser": false, "username": "josmserd", "first_name": "", "last_name": "", "email": "tesdt@textss.com", "is_staff": false, "is_active": true, "date_joined": "2018-08-23T17:14:21.723Z", "groups": [], "user_permissions": []}}, {"model": "admin.logentry", "pk": 1, "fields": {"action_time": "2018-08-23T16:03:28.095Z", "user": 1, "content_type": 3, "object_id": "6", "object_repr": "josmser", "action_flag": 2, "change_message": "[]"}}, {"model": "admin.logentry", "pk": 2, "fields": {"action_time": "2018-08-23T16:03:43.744Z", "user": 1, "content_type": 3, "object_id": "6", "object_repr": "josmser", "action_flag": 2, "change_message": "[]"}}, {"model": "admin.logentry", "pk": 3, "fields": {"action_time": "2018-08-23T16:03:48.415Z", "user": 1, "content_type": 3, "object_id": "5", "object_repr": "josmer", "action_flag": 2, "change_message": "[]"}}, {"model": "admin.logentry", "pk": 4, "fields": {"action_time": "2018-08-23T16:03:54.058Z", "user": 1, "content_type": 3, "object_id": "4", "object_repr": "jhernandez.18pss", "action_flag": 2, "change_message": "[]"}}, {"model": "admin.logentry", "pk": 5, "fields": {"action_time": "2018-08-23T16:03:59.030Z", "user": 1, "content_type": 3, "object_id": "2", "object_repr": "jhernandez.18ps", "action_flag": 2, "change_message": "[]"}}, {"model": "admin.logentry", "pk": 6, "fields": {"action_time": "2018-08-23T16:04:03.304Z", "user": 1, "content_type": 3, "object_id": "1", "object_repr": "jhernandez.18p", "action_flag": 2, "change_message": "[]"}}, {"model": "admin.logentry", "pk": 7, "fields": {"action_time": "2018-08-23T16:04:08.046Z", "user": 1, "content_type": 3, "object_id": "3", "object_repr": "acerentpty", "action_flag": 2, "change_message": "[]"}}, {"model": "admin.logentry", "pk": 8, "fields": {"action_time": "2018-08-23T16:05:37.871Z", "user": 1, "content_type": 3, "object_id": "1", "object_repr": "jhernandez.18p", "action_flag": 2, "change_message": "[{\"changed\": {\"fields\": [\"first_name\", \"last_name\", \"email\", \"last_login\"]}}, {\"added\": {\"name\": \"Perfil de Usuario\", \"object\": \"Josmer Hern\\u00e1ndez\"}}]"}}, {"model": "admin.logentry", "pk": 9, "fields": {"action_time": "2018-08-23T16:05:45.349Z", "user": 1, "content_type": 3, "object_id": "1", "object_repr": "jhernandez.18p", "action_flag": 2, "change_message": "[]"}}, {"model": "admin.logentry", "pk": 10, "fields": {"action_time": "2018-08-23T16:05:57.042Z", "user": 1, "content_type": 3, "object_id": "1", "object_repr": "jhernandez.18p", "action_flag": 2, "change_message": "[]"}}, {"model": "admin.logentry", "pk": 11, "fields": {"action_time": "2018-08-23T17:05:02.989Z", "user": 1, "content_type": 3, "object_id": "2", "object_repr": "jhernandez.18ps", "action_flag": 2, "change_message": "[{\"changed\": {\"fields\": [\"first_name\", \"last_name\", \"email\", \"last_login\"]}}]"}}, {"model": "admin.logentry", "pk": 12, "fields": {"action_time": "2018-08-23T17:05:27.788Z", "user": 1, "content_type": 3, "object_id": "2", "object_repr": "jhernandez.18ps", "action_flag": 2, "change_message": "[]"}}, {"model": "admin.logentry", "pk": 13, "fields": {"action_time": "2018-08-23T17:05:51.453Z", "user": 1, "content_type": 3, "object_id": "2", "object_repr": "jhernandez.18ps", "action_flag": 2, "change_message": "[]"}}, {"model": "admin.logentry", "pk": 14, "fields": {"action_time": "2018-08-23T17:06:05.688Z", "user": 1, "content_type": 3, "object_id": "2", "object_repr": "jhernandez.18ps", "action_flag": 2, "change_message": "[]"}}, {"model": "admin.logentry", "pk": 15, "fields": {"action_time": "2018-08-23T17:06:53.395Z", "user": 1, "content_type": 3, "object_id": "2", "object_repr": "jhernandez.18ps", "action_flag": 2, "change_message": "[]"}}, {"model": "admin.logentry", "pk": 16, "fields": {"action_time": "2018-08-23T17:07:56.174Z", "user": 1, "content_type": 3, "object_id": "2", "object_repr": "jhernandez.18ps", "action_flag": 2, "change_message": "[{\"added\": {\"name\": \"Perfil de Usuario\", \"object\": \"Josmer Hern\\u00e1ndez\"}}]"}}, {"model": "admin.logentry", "pk": 17, "fields": {"action_time": "2018-08-23T17:08:09.246Z", "user": 1, "content_type": 3, "object_id": "2", "object_repr": "jhernandez.18ps", "action_flag": 2, "change_message": "[{\"changed\": {\"name\": \"Perfil de Usuario\", \"object\": \"Josmer Hern\\u00e1ndez\", \"fields\": [\"role\"]}}]"}}, {"model": "admin.logentry", "pk": 18, "fields": {"action_time": "2018-08-23T17:08:29.678Z", "user": 1, "content_type": 3, "object_id": "2", "object_repr": "jhernandez.18ps", "action_flag": 2, "change_message": "[{\"changed\": {\"fields\": [\"password\"]}}]"}}, {"model": "admin.logentry", "pk": 19, "fields": {"action_time": "2018-08-23T17:08:47.359Z", "user": 1, "content_type": 3, "object_id": "2", "object_repr": "jhernandez.18ps", "action_flag": 2, "change_message": "[]"}}, {"model": "admin.logentry", "pk": 20, "fields": {"action_time": "2018-08-23T17:08:54.512Z", "user": 1, "content_type": 3, "object_id": "2", "object_repr": "jhernandez.18ps", "action_flag": 2, "change_message": "[{\"changed\": {\"name\": \"Perfil de Usuario\", \"object\": \"Josmer Hern\\u00e1ndez\", \"fields\": [\"city\", \"zip_code\"]}}]"}}, {"model": "admin.logentry", "pk": 21, "fields": {"action_time": "2018-08-23T17:09:30.631Z", "user": 1, "content_type": 3, "object_id": "4", "object_repr": "jhernandez.18pss", "action_flag": 2, "change_message": "[{\"changed\": {\"fields\": [\"first_name\", \"last_name\", \"email\", \"last_login\"]}}]"}}, {"model": "admin.logentry", "pk": 22, "fields": {"action_time": "2018-08-24T12:21:06.714Z", "user": 1, "content_type": 19, "object_id": "1", "object_repr": "Audi", "action_flag": 1, "change_message": "[{\"added\": {}}]"}}, {"model": "admin.logentry", "pk": 23, "fields": {"action_time": "2018-08-24T12:23:59.529Z", "user": 1, "content_type": 19, "object_id": "1", "object_repr": "Audi", "action_flag": 2, "change_message": "[]"}}, {"model": "admin.logentry", "pk": 24, "fields": {"action_time": "2018-08-24T12:24:07.881Z", "user": 1, "content_type": 19, "object_id": "1", "object_repr": "Audi", "action_flag": 2, "change_message": "[{\"changed\": {\"fields\": [\"img\"]}}]"}}, {"model": "admin.logentry", "pk": 25, "fields": {"action_time": "2018-08-24T12:24:53.962Z", "user": 1, "content_type": 19, "object_id": "1", "object_repr": "Audi", "action_flag": 2, "change_message": "[{\"changed\": {\"fields\": [\"img\"]}}]"}}, {"model": "admin.logentry", "pk": 26, "fields": {"action_time": "2018-08-24T12:25:37.764Z", "user": 1, "content_type": 19, "object_id": "1", "object_repr": "Audi", "action_flag": 2, "change_message": "[{\"changed\": {\"fields\": [\"img\"]}}]"}}, {"model": "admin.logentry", "pk": 27, "fields": {"action_time": "2018-08-24T12:27:42.257Z", "user": 1, "content_type": 19, "object_id": "1", "object_repr": "Audi", "action_flag": 2, "change_message": "[]"}}, {"model": "admin.logentry", "pk": 28, "fields": {"action_time": "2018-08-24T12:27:51.403Z", "user": 1, "content_type": 19, "object_id": "1", "object_repr": "Audi", "action_flag": 2, "change_message": "[{\"changed\": {\"fields\": [\"img\"]}}]"}}, {"model": "admin.logentry", "pk": 29, "fields": {"action_time": "2018-08-24T12:28:29.092Z", "user": 1, "content_type": 19, "object_id": "1", "object_repr": "Audi", "action_flag": 2, "change_message": "[{\"changed\": {\"fields\": [\"img\"]}}]"}}, {"model": "admin.logentry", "pk": 30, "fields": {"action_time": "2018-08-24T12:29:20.105Z", "user": 1, "content_type": 19, "object_id": "1", "object_repr": "Audi", "action_flag": 2, "change_message": "[{\"changed\": {\"fields\": [\"img\"]}}]"}}, {"model": "admin.logentry", "pk": 31, "fields": {"action_time": "2018-08-24T12:29:42.078Z", "user": 1, "content_type": 19, "object_id": "1", "object_repr": "Audi", "action_flag": 2, "change_message": "[{\"changed\": {\"fields\": [\"img\"]}}]"}}, {"model": "admin.logentry", "pk": 32, "fields": {"action_time": "2018-08-24T12:30:14.334Z", "user": 1, "content_type": 19, "object_id": "1", "object_repr": "Audi", "action_flag": 2, "change_message": "[{\"changed\": {\"fields\": [\"img\"]}}]"}}, {"model": "admin.logentry", "pk": 33, "fields": {"action_time": "2018-08-24T12:31:47.026Z", "user": 1, "content_type": 3, "object_id": "1", "object_repr": "jhernandez.18p", "action_flag": 2, "change_message": "[{\"changed\": {\"name\": \"Perfil de Usuario\", \"object\": \"Josmer Hern\\u00e1ndez\", \"fields\": [\"avatar\"]}}]"}}, {"model": "admin.logentry", "pk": 34, "fields": {"action_time": "2018-08-24T12:32:21.566Z", "user": 1, "content_type": 3, "object_id": "1", "object_repr": "jhernandez.18p", "action_flag": 2, "change_message": "[{\"changed\": {\"name\": \"Perfil de Usuario\", \"object\": \"Josmer Hern\\u00e1ndez\", \"fields\": [\"avatar\"]}}]"}}, {"model": "admin.logentry", "pk": 35, "fields": {"action_time": "2018-08-24T12:33:07.744Z", "user": 1, "content_type": 3, "object_id": "1", "object_repr": "jhernandez.18p", "action_flag": 2, "change_message": "[{\"changed\": {\"name\": \"Perfil de Usuario\", \"object\": \"Josmer Hern\\u00e1ndez\", \"fields\": [\"avatar\"]}}]"}}, {"model": "admin.logentry", "pk": 36, "fields": {"action_time": "2018-08-24T12:33:51.881Z", "user": 1, "content_type": 3, "object_id": "1", "object_repr": "jhernandez.18p", "action_flag": 2, "change_message": "[{\"changed\": {\"name\": \"Perfil de Usuario\", \"object\": \"Josmer Hern\\u00e1ndez\", \"fields\": [\"avatar\"]}}]"}}, {"model": "admin.logentry", "pk": 37, "fields": {"action_time": "2018-08-24T12:34:30.158Z", "user": 1, "content_type": 3, "object_id": "1", "object_repr": "jhernandez.18p", "action_flag": 2, "change_message": "[{\"changed\": {\"name\": \"Perfil de Usuario\", \"object\": \"Josmer Hern\\u00e1ndez\", \"fields\": [\"avatar\"]}}]"}}, {"model": "admin.logentry", "pk": 38, "fields": {"action_time": "2018-08-24T12:36:59.698Z", "user": 1, "content_type": 3, "object_id": "1", "object_repr": "jhernandez.18p", "action_flag": 2, "change_message": "[{\"changed\": {\"name\": \"Perfil de Usuario\", \"object\": \"Josmer Hern\\u00e1ndez\", \"fields\": [\"avatar\"]}}]"}}, {"model": "admin.logentry", "pk": 39, "fields": {"action_time": "2018-08-24T12:38:24.323Z", "user": 1, "content_type": 3, "object_id": "1", "object_repr": "jhernandez.18p", "action_flag": 2, "change_message": "[{\"changed\": {\"name\": \"Perfil de Usuario\", \"object\": \"Josmer Hern\\u00e1ndez\", \"fields\": [\"avatar\"]}}]"}}, {"model": "admin.logentry", "pk": 40, "fields": {"action_time": "2018-08-24T12:39:18.977Z", "user": 1, "content_type": 3, "object_id": "1", "object_repr": "jhernandez.18p", "action_flag": 2, "change_message": "[{\"changed\": {\"name\": \"Perfil de Usuario\", \"object\": \"Josmer Hern\\u00e1ndez\", \"fields\": [\"avatar\"]}}]"}}, {"model": "admin.logentry", "pk": 41, "fields": {"action_time": "2018-08-24T12:40:12.377Z", "user": 1, "content_type": 3, "object_id": "1", "object_repr": "jhernandez.18p", "action_flag": 2, "change_message": "[{\"changed\": {\"name\": \"Perfil de Usuario\", \"object\": \"Josmer Hern\\u00e1ndez\", \"fields\": [\"avatar\"]}}]"}}, {"model": "admin.logentry", "pk": 42, "fields": {"action_time": "2018-08-24T13:32:41.360Z", "user": 1, "content_type": 22, "object_id": "4", "object_repr": "", "action_flag": 1, "change_message": "[{\"added\": {}}]"}}, {"model": "admin.logentry", "pk": 43, "fields": {"action_time": "2018-08-24T13:32:49.947Z", "user": 1, "content_type": 20, "object_id": "1", "object_repr": "Q7 2017", "action_flag": 1, "change_message": "[{\"added\": {}}]"}}, {"model": "admin.logentry", "pk": 44, "fields": {"action_time": "2018-10-19T21:59:51.223Z", "user": 1, "content_type": 19, "object_id": "5", "object_repr": "Ferrari", "action_flag": 2, "change_message": "[{\"changed\": {\"fields\": [\"alt\", \"img\"]}}]"}}, {"model": "admin.logentry", "pk": 45, "fields": {"action_time": "2018-10-19T22:00:39.021Z", "user": 1, "content_type": 19, "object_id": "4", "object_repr": "Jeep", "action_flag": 2, "change_message": "[{\"changed\": {\"fields\": [\"alt\", \"img\"]}}]"}}, {"model": "admin.logentry", "pk": 46, "fields": {"action_time": "2018-10-19T22:01:45.250Z", "user": 1, "content_type": 19, "object_id": "3", "object_repr": "Maserati", "action_flag": 2, "change_message": "[{\"changed\": {\"fields\": [\"alt\", \"img\"]}}]"}}, {"model": "admin.logentry", "pk": 47, "fields": {"action_time": "2018-10-19T22:01:59.506Z", "user": 1, "content_type": 19, "object_id": "2", "object_repr": "Lamborghini", "action_flag": 2, "change_message": "[{\"changed\": {\"fields\": [\"alt\"]}}]"}}, {"model": "admin.logentry", "pk": 48, "fields": {"action_time": "2018-10-19T22:02:16.515Z", "user": 1, "content_type": 19, "object_id": "1", "object_repr": "Audi", "action_flag": 2, "change_message": "[{\"changed\": {\"fields\": [\"alt\"]}}]"}}, {"model": "admin.logentry", "pk": 49, "fields": {"action_time": "2018-10-23T19:12:26.179Z", "user": 1, "content_type": 19, "object_id": "6", "object_repr": "Mercedes-Benz", "action_flag": 1, "change_message": "[{\"added\": {}}]"}}, {"model": "admin.logentry", "pk": 50, "fields": {"action_time": "2018-10-23T19:13:13.501Z", "user": 1, "content_type": 19, "object_id": "7", "object_repr": "Land Rover", "action_flag": 1, "change_message": "[{\"added\": {}}]"}}, {"model": "admin.logentry", "pk": 51, "fields": {"action_time": "2018-10-23T19:13:36.230Z", "user": 1, "content_type": 19, "object_id": "8", "object_repr": "Acura", "action_flag": 1, "change_message": "[{\"added\": {}}]"}}, {"model": "admin.logentry", "pk": 52, "fields": {"action_time": "2018-10-23T19:14:02.031Z", "user": 1, "content_type": 19, "object_id": "9", "object_repr": "BMW", "action_flag": 1, "change_message": "[{\"added\": {}}]"}}, {"model": "admin.logentry", "pk": 53, "fields": {"action_time": "2018-10-23T19:20:51.626Z", "user": 1, "content_type": 20, "object_id": "1", "object_repr": "Q7 2017", "action_flag": 2, "change_message": "[{\"changed\": {\"fields\": [\"brand\"]}}]"}}, {"model": "admin.logentry", "pk": 54, "fields": {"action_time": "2018-10-23T19:21:09.115Z", "user": 1, "content_type": 20, "object_id": "2", "object_repr": "a3 1993", "action_flag": 2, "change_message": "[{\"changed\": {\"fields\": [\"brand\", \"description\"]}}]"}}, {"model": "admin.logentry", "pk": 55, "fields": {"action_time": "2018-11-30T18:49:31.309Z", "user": 1, "content_type": 24, "object_id": "1", "object_repr": "Luxury Motors Panam\u00e1", "action_flag": 1, "change_message": "[{\"added\": {}}]"}}, {"model": "admin.logentry", "pk": 56, "fields": {"action_time": "2018-11-30T18:50:19.207Z", "user": 1, "content_type": 25, "object_id": "1", "object_repr": "Inicio", "action_flag": 1, "change_message": "[{\"added\": {}}]"}}, {"model": "admin.logentry", "pk": 57, "fields": {"action_time": "2018-11-30T18:50:51.218Z", "user": 1, "content_type": 25, "object_id": "2", "object_repr": "\u00bfQuienes somos?", "action_flag": 1, "change_message": "[{\"added\": {}}]"}}, {"model": "admin.logentry", "pk": 58, "fields": {"action_time": "2018-11-30T18:51:04.848Z", "user": 1, "content_type": 25, "object_id": "3", "object_repr": "Inventario", "action_flag": 1, "change_message": "[{\"added\": {}}]"}}, {"model": "admin.logentry", "pk": 59, "fields": {"action_time": "2018-11-30T18:51:16.420Z", "user": 1, "content_type": 25, "object_id": "4", "object_repr": "Contacto", "action_flag": 1, "change_message": "[{\"added\": {}}]"}}, {"model": "admin.logentry", "pk": 60, "fields": {"action_time": "2018-11-30T18:51:29.794Z", "user": 1, "content_type": 26, "object_id": "1", "object_repr": "Header", "action_flag": 1, "change_message": "[{\"added\": {}}]"}}, {"model": "admin.logentry", "pk": 61, "fields": {"action_time": "2018-11-30T18:51:35.558Z", "user": 1, "content_type": 26, "object_id": "2", "object_repr": "Body", "action_flag": 1, "change_message": "[{\"added\": {}}]"}}, {"model": "admin.logentry", "pk": 62, "fields": {"action_time": "2018-11-30T18:51:42.020Z", "user": 1, "content_type": 26, "object_id": "3", "object_repr": "Footer", "action_flag": 1, "change_message": "[{\"added\": {}}]"}}, {"model": "admin.logentry", "pk": 63, "fields": {"action_time": "2018-11-30T20:05:26.062Z", "user": 1, "content_type": 20, "object_id": "2", "object_repr": "a3 1993", "action_flag": 2, "change_message": "[{\"changed\": {\"fields\": [\"status\"]}}]"}}, {"model": "admin.logentry", "pk": 64, "fields": {"action_time": "2018-12-19T20:48:06.475Z", "user": 1, "content_type": 22, "object_id": "5", "object_repr": "", "action_flag": 1, "change_message": "[{\"added\": {}}]"}}, {"model": "admin.logentry", "pk": 65, "fields": {"action_time": "2018-12-19T20:50:19.971Z", "user": 1, "content_type": 22, "object_id": "6", "object_repr": "", "action_flag": 1, "change_message": "[{\"added\": {}}]"}}, {"model": "admin.logentry", "pk": 66, "fields": {"action_time": "2018-12-19T21:05:06.580Z", "user": 1, "content_type": 20, "object_id": "2", "object_repr": "a3 1993", "action_flag": 2, "change_message": "[{\"changed\": {\"fields\": [\"img\"]}}]"}}, {"model": "admin.logentry", "pk": 67, "fields": {"action_time": "2018-12-19T21:05:38.459Z", "user": 1, "content_type": 20, "object_id": "1", "object_repr": "Q7 2017", "action_flag": 2, "change_message": "[{\"changed\": {\"fields\": [\"img\", \"status\"]}}]"}}, {"model": "admin.logentry", "pk": 68, "fields": {"action_time": "2018-12-19T21:06:07.916Z", "user": 1, "content_type": 20, "object_id": "3", "object_repr": "s ", "action_flag": 1, "change_message": "[{\"added\": {}}]"}}, {"model": "admin.logentry", "pk": 69, "fields": {"action_time": "2018-12-19T21:06:19.596Z", "user": 1, "content_type": 20, "object_id": "3", "object_repr": "s ", "action_flag": 2, "change_message": "[{\"changed\": {\"fields\": [\"img\"]}}]"}}, {"model": "admin.logentry", "pk": 70, "fields": {"action_time": "2018-12-19T21:07:30.070Z", "user": 1, "content_type": 20, "object_id": "3", "object_repr": "s ", "action_flag": 2, "change_message": "[]"}}, {"model": "admin.logentry", "pk": 71, "fields": {"action_time": "2018-12-19T21:08:13.551Z", "user": 1, "content_type": 20, "object_id": "5", "object_repr": "sss ", "action_flag": 1, "change_message": "[{\"added\": {}}]"}}, {"model": "admin.logentry", "pk": 72, "fields": {"action_time": "2018-12-19T21:08:38.551Z", "user": 1, "content_type": 20, "object_id": "6", "object_repr": "sssd ", "action_flag": 1, "change_message": "[{\"added\": {}}]"}}, {"model": "admin.logentry", "pk": 73, "fields": {"action_time": "2018-12-19T21:08:49.017Z", "user": 1, "content_type": 20, "object_id": "5", "object_repr": "sss ", "action_flag": 2, "change_message": "[{\"changed\": {\"fields\": [\"img\"]}}]"}}, {"model": "admin.logentry", "pk": 74, "fields": {"action_time": "2018-12-20T21:39:36.441Z", "user": 1, "content_type": 19, "object_id": "7", "object_repr": "Land Rover", "action_flag": 2, "change_message": "[{\"changed\": {\"fields\": [\"img\"]}}]"}}, {"model": "admin.logentry", "pk": 75, "fields": {"action_time": "2018-12-20T21:39:58.232Z", "user": 1, "content_type": 19, "object_id": "7", "object_repr": "Land Rover", "action_flag": 2, "change_message": "[{\"changed\": {\"fields\": [\"img\"]}}]"}}, {"model": "admin.logentry", "pk": 76, "fields": {"action_time": "2018-12-20T21:46:27.114Z", "user": 1, "content_type": 19, "object_id": "8", "object_repr": "Acura", "action_flag": 2, "change_message": "[{\"changed\": {\"fields\": [\"img\"]}}]"}}, {"model": "admin.logentry", "pk": 77, "fields": {"action_time": "2018-12-20T22:17:06.776Z", "user": 1, "content_type": 23, "object_id": "1", "object_repr": "home carrousel", "action_flag": 1, "change_message": "[{\"added\": {}}, {\"added\": {\"name\": \"Im\\u00e1gen del carousel\", \"object\": \"\"}}, {\"added\": {\"name\": \"Im\\u00e1gen del carousel\", \"object\": \"\"}}, {\"added\": {\"name\": \"Im\\u00e1gen del carousel\", \"object\": \"\"}}, {\"added\": {\"name\": \"Im\\u00e1gen del carousel\", \"object\": \"\"}}, {\"added\": {\"name\": \"Im\\u00e1gen del carousel\", \"object\": \"\"}}]"}}, {"model": "admin.logentry", "pk": 78, "fields": {"action_time": "2018-12-20T22:18:37.586Z", "user": 1, "content_type": 23, "object_id": "1", "object_repr": "home carrousel", "action_flag": 2, "change_message": "[{\"added\": {\"name\": \"Im\\u00e1gen del carousel\", \"object\": \"\"}}, {\"added\": {\"name\": \"Im\\u00e1gen del carousel\", \"object\": \"\"}}, {\"changed\": {\"name\": \"Im\\u00e1gen del carousel\", \"object\": \"\", \"fields\": [\"image\"]}}]"}}, {"model": "admin.logentry", "pk": 79, "fields": {"action_time": "2018-12-20T22:48:21.437Z", "user": 1, "content_type": 23, "object_id": "1", "object_repr": "home carrousel", "action_flag": 2, "change_message": "[{\"deleted\": {\"name\": \"Im\\u00e1gen del carousel\", \"object\": \"\"}}]"}}, {"model": "admin.logentry", "pk": 80, "fields": {"action_time": "2018-12-20T22:51:47.055Z", "user": 1, "content_type": 23, "object_id": "1", "object_repr": "home carrousel", "action_flag": 2, "change_message": "[]"}}, {"model": "admin.logentry", "pk": 81, "fields": {"action_time": "2018-12-20T22:52:24.664Z", "user": 1, "content_type": 23, "object_id": "2", "object_repr": "about carrousel", "action_flag": 1, "change_message": "[{\"added\": {}}, {\"added\": {\"name\": \"Im\\u00e1gen del carousel\", \"object\": \"\"}}]"}}, {"model": "admin.logentry", "pk": 82, "fields": {"action_time": "2018-12-20T23:24:47.280Z", "user": 1, "content_type": 23, "object_id": "2", "object_repr": "about carrousel", "action_flag": 2, "change_message": "[{\"changed\": {\"name\": \"Im\\u00e1gen del carousel\", \"object\": \"\", \"fields\": [\"image\"]}}]"}}, {"model": "admin.logentry", "pk": 83, "fields": {"action_time": "2018-12-20T23:25:16.771Z", "user": 1, "content_type": 23, "object_id": "2", "object_repr": "about carrousel", "action_flag": 2, "change_message": "[{\"changed\": {\"name\": \"Im\\u00e1gen del carousel\", \"object\": \"\", \"fields\": [\"image\"]}}]"}}, {"model": "admin.logentry", "pk": 84, "fields": {"action_time": "2018-12-21T01:01:07.864Z", "user": 1, "content_type": 22, "object_id": "7", "object_repr": "", "action_flag": 1, "change_message": "[{\"added\": {}}]"}}, {"model": "admin.logentry", "pk": 85, "fields": {"action_time": "2018-12-21T01:01:23.169Z", "user": 1, "content_type": 20, "object_id": "6", "object_repr": "sssd ", "action_flag": 2, "change_message": "[{\"changed\": {\"fields\": [\"photos\", \"views\"]}}]"}}, {"model": "admin.logentry", "pk": 86, "fields": {"action_time": "2018-12-21T01:03:29.615Z", "user": 1, "content_type": 22, "object_id": "8", "object_repr": "", "action_flag": 1, "change_message": "[{\"added\": {}}]"}}, {"model": "admin.logentry", "pk": 87, "fields": {"action_time": "2018-12-21T01:03:35.228Z", "user": 1, "content_type": 22, "object_id": "9", "object_repr": "", "action_flag": 1, "change_message": "[{\"added\": {}}]"}}, {"model": "admin.logentry", "pk": 88, "fields": {"action_time": "2018-12-21T01:03:41.090Z", "user": 1, "content_type": 22, "object_id": "10", "object_repr": "", "action_flag": 1, "change_message": "[{\"added\": {}}]"}}, {"model": "admin.logentry", "pk": 89, "fields": {"action_time": "2018-12-21T01:03:44.681Z", "user": 1, "content_type": 20, "object_id": "6", "object_repr": "sssd ", "action_flag": 2, "change_message": "[{\"changed\": {\"fields\": [\"photos\", \"views\"]}}]"}}, {"model": "admin.logentry", "pk": 90, "fields": {"action_time": "2018-12-21T01:40:29.224Z", "user": 1, "content_type": 20, "object_id": "6", "object_repr": "sssd ", "action_flag": 2, "change_message": "[{\"added\": {\"name\": \"Foto\", \"object\": \"\"}}, {\"added\": {\"name\": \"Foto\", \"object\": \"\"}}, {\"added\": {\"name\": \"Foto\", \"object\": \"\"}}, {\"added\": {\"name\": \"Foto\", \"object\": \"\"}}, {\"added\": {\"name\": \"Foto\", \"object\": \"\"}}]"}}, {"model": "authtoken.token", "pk": "21d1de8cedc2d794ed1b713e62afde15eae85231", "fields": {"user": 7, "created": "2018-08-23T17:14:21.926Z"}}, {"model": "authtoken.token", "pk": "4aa934a839ddc6c6dd6c7a1513945a4e53c672c6", "fields": {"user": 1, "created": "2018-08-22T20:05:02.842Z"}}, {"model": "authtoken.token", "pk": "80f34898aee289dcd9d7ac462e136143e0b180d3", "fields": {"user": 6, "created": "2018-08-22T20:10:14.202Z"}}, {"model": "authtoken.token", "pk": "dbab433c95c0a8f953f0b1745f42e6b99a3238de", "fields": {"user": 2, "created": "2018-08-22T19:53:38.653Z"}}, {"model": "users.profile", "pk": 1, "fields": {"user": 1, "avatar": "profile/jhernandez.18p/2018/08/24/aadad.jpg", "bio": "", "birth_date": null, "description": "", "phone": "", "country": "PAN", "city": "", "direction1": "", "direction2": "", "zip_code": "", "location": "", "saldo": "", "max_credit": "", "payment_lapse": "", "respons": "", "status": "INACTIVE", "score": "IV", "role": "BUYER", "member_since": "2018-08-23T16:05:37.853Z", "email_confirmed": true}}, {"model": "users.profile", "pk": 3, "fields": {"user": 2, "avatar": "/profile/avatar.png", "bio": "", "birth_date": null, "description": "", "phone": "62667545", "country": "PAN", "city": "Panama", "direction1": "", "direction2": "", "zip_code": "00000", "location": "", "saldo": "", "max_credit": "", "payment_lapse": "", "respons": "", "status": "INACTIVE", "score": "IV", "role": "ADMIN", "member_since": "2018-08-23T17:07:56.173Z", "email_confirmed": false}}, {"model": "users.profile", "pk": 4, "fields": {"user": 7, "avatar": "/profile/avatar.png", "bio": "", "birth_date": null, "description": "", "phone": "", "country": "PAN", "city": "", "direction1": "", "direction2": "", "zip_code": "", "location": "", "saldo": "", "max_credit": "", "payment_lapse": "", "respons": "", "status": "INACTIVE", "score": "IV", "role": "BUYER", "member_since": "2018-08-23T17:14:21.882Z", "email_confirmed": false}}]