[
    {
        "model": "sites.site",
        "pk": 1,
        "fields": {
            "domain": "luxurymotorspanama.com",
            "name": "Luxury Motors Panam\u00e1"
        }
    },
    {
        "model": "base.position",
        "pk": 1,
        "fields": {
            "name": "Header",
            "description": ""
        }
    },
    {
        "model": "base.position",
        "pk": 2,
        "fields": {
            "name": "Body",
            "description": ""
        }
    },
    {
        "model": "base.position",
        "pk": 3,
        "fields": {
            "name": "Footer",
            "description": ""
        }
    },
    {
        "model": "base.pages",
        "pk": 1,
        "fields": {
            "name": "Inicio",
            "description": "",
            "have_icon": false,
            "url": "/"
        }
    },
    {
        "model": "base.pages",
        "pk": 2,
        "fields": {
            "name": "\u00bfQuienes somos?",
            "description": "",
            "have_icon": false,
            "url": "quienes-somos"
        }
    },
    {
        "model": "base.pages",
        "pk": 3,
        "fields": {
            "name": "Inventario",
            "description": "",
            "have_icon": false,
            "url": "inventario"
        }
    },
    {
        "model": "base.pages",
        "pk": 4,
        "fields": {
            "name": "Contacto",
            "description": "",
            "have_icon": false,
            "url": "contacto"
        }
    },
    {
        "model": "base.carousel",
        "pk": 1,
        "fields": {
            "name": "home carrousel",
            "description": "",
            "page": 1,
            "position": 1,
            "crated_at": "2018-12-20T22:51:47.052Z"
        }
    },
    {
        "model": "base.carousel",
        "pk": 2,
        "fields": {
            "name": "about carrousel",
            "description": "",
            "page": 2,
            "position": 1,
            "crated_at": "2018-12-20T23:25:16.762Z"
        }
    },
    {
        "model": "base.carouselimage",
        "pk": 1,
        "fields": {
            "Carousel": 1,
            "image": "brand/2018/12/20/0sc1s.jpg",
            "name": "",
            "text": "",
            "call_to_action_url": null,
            "uploaded_at": "2018-12-20T22:17:06.616Z"
        }
    },
    {
        "model": "base.carouselimage",
        "pk": 2,
        "fields": {
            "Carousel": 1,
            "image": "brand/2018/12/20/-s-oc.jpg",
            "name": "",
            "text": "",
            "call_to_action_url": null,
            "uploaded_at": "2018-12-20T22:17:06.743Z"
        }
    },
    {
        "model": "base.carouselimage",
        "pk": 3,
        "fields": {
            "Carousel": 1,
            "image": "brand/2018/12/20/cc0rc.jpg",
            "name": "",
            "text": "",
            "call_to_action_url": null,
            "uploaded_at": "2018-12-20T22:17:06.753Z"
        }
    },
    {
        "model": "base.carouselimage",
        "pk": 4,
        "fields": {
            "Carousel": 1,
            "image": "brand/2018/12/20/-5-cr.jpg",
            "name": "",
            "text": "",
            "call_to_action_url": null,
            "uploaded_at": "2018-12-20T22:18:37.567Z"
        }
    },
    {
        "model": "base.carouselimage",
        "pk": 5,
        "fields": {
            "Carousel": 1,
            "image": "brand/2018/12/20/s-srr.jpg",
            "name": "",
            "text": "",
            "call_to_action_url": null,
            "uploaded_at": "2018-12-20T22:17:06.775Z"
        }
    },
    {
        "model": "base.carouselimage",
        "pk": 7,
        "fields": {
            "Carousel": 1,
            "image": "brand/2018/12/20/22-oa.jpg",
            "name": "",
            "text": "",
            "call_to_action_url": null,
            "uploaded_at": "2018-12-20T22:18:37.584Z"
        }
    },
    {
        "model": "base.carouselimage",
        "pk": 8,
        "fields": {
            "Carousel": 2,
            "image": "brand/2018/12/20/1-1cr.jpg",
            "name": "",
            "text": "",
            "call_to_action_url": null,
            "uploaded_at": "2018-12-20T23:25:16.770Z"
        }
    },
    {
        "model": "base.site",
        "pk": 1,
        "fields": {
            "name": "Luxury Motors Panam\u00e1",
            "title": "Luxury Motors Panam\u00e1",
            "description": "<p>&nbsp;</p>\r\n\r\n<p>Con mas de 20 a&ntilde;os en el mercado de autos de lujos, somos pioneros en la ciudad de Panam&aacute; y contamos con amplia experiencia en el area.</p>",
            "short_description": "<p>&nbsp;</p>\r\n\r\n<p>Con mas de 20 a&ntilde;os en el mercado de autos de lujos, somos pioneros en la ciudad de Panam&aacute; y contamos con amplia experiencia en el area.</p>",
            "url": "https://www.luxurymotorspanama.com/",
            "phone": "+507 - 229-0628",
            "phone2": "+507 - 6618-8330",
            "email": "luxurymotorspanama@gmail.com",
            "email2": null,
            "schedule": null,
            "schedule2": null,
            "workday": null,
            "address": null,
            "address1": null,
            "logo": "",
            "site_img": "",
            "services_img": "",
            "products_img": "",
            "is_undercostruction": false
        }
    },
    {
        "model": "brands.brand",
        "pk": 1,
        "fields": {
            "name": "Audi",
            "slug": "audi",
            "alt": "audi",
            "count": 0,
            "img": "brand/audi/2018/08/24/uuida.jpg",
            "is_active": false
        }
    },
    {
        "model": "brands.brand",
        "pk": 2,
        "fields": {
            "name": "Lamborghini",
            "slug": "lamborghini",
            "alt": "lamborghini",
            "count": 0,
            "img": "brand/lamborghini/2018/08/24/gaaii.jpg",
            "is_active": false
        }
    },
    {
        "model": "brands.brand",
        "pk": 3,
        "fields": {
            "name": "Maserati",
            "slug": "maserati",
            "alt": "maserati",
            "count": 0,
            "img": "brand/maserati/2018/10/19/rsits.jpg",
            "is_active": false
        }
    },
    {
        "model": "brands.brand",
        "pk": 4,
        "fields": {
            "name": "Jeep",
            "slug": "jeep",
            "alt": "jeep",
            "count": 0,
            "img": "brand/jeep/2018/10/19/eepje.jpg",
            "is_active": false
        }
    },
    {
        "model": "brands.brand",
        "pk": 5,
        "fields": {
            "name": "Ferrari",
            "slug": "ferrari",
            "alt": "ferrari",
            "count": 0,
            "img": "brand/ferrari/2018/10/19/rrrre.jpg",
            "is_active": false
        }
    },
    {
        "model": "brands.brand",
        "pk": 6,
        "fields": {
            "name": "Mercedes-Benz",
            "slug": "mercedes-benz",
            "alt": "mercedes-benz",
            "count": 0,
            "img": "brand/mercedes-benz/2018/10/23/eecee.jpg",
            "is_active": false
        }
    },
    {
        "model": "brands.brand",
        "pk": 7,
        "fields": {
            "name": "Land Rover",
            "slug": "land-rover",
            "alt": "land rover",
            "count": 0,
            "img": "brand/land rover/2018/12/20/rnard.jpg",
            "is_active": false
        }
    },
    {
        "model": "brands.brand",
        "pk": 8,
        "fields": {
            "name": "Acura",
            "slug": "acura",
            "alt": "Acura",
            "count": 0,
            "img": "brand/acura/2018/12/20/aooyt.jpg",
            "is_active": false
        }
    },
    {
        "model": "brands.brand",
        "pk": 9,
        "fields": {
            "name": "BMW",
            "slug": "bmw",
            "alt": "bmw",
            "count": 0,
            "img": "brand/bmw/2018/10/23/wmmwm.jpg",
            "is_active": false
        }
    },
    {
        "model": "cars.car",
        "pk": 1,
        "fields": {
            "img": "medias/mercedes-benz/q7/00000.jpg",
            "brand": 6,
            "model": "Q7",
            "milage": "1000",
            "year": "2017",
            "direction": "Manual",
            "sub_type": "4 X 4",
            "traction": "Test",
            "transmission": "Test",
            "color": "Blanco",
            "fuel": "Gasolina",
            "engine": "V8",
            "price": 50000,
            "slug": "audi-q7-2017",
            "description": "<p>test</p>",
            "status": "SOLD",
            "views": 34
        }
    },
    {
        "model": "cars.car",
        "pk": 2,
        "fields": {
            "img": "medias/audi/a3/00101.jpg",
            "brand": 1,
            "model": "a3",
            "milage": "123",
            "year": "1993",
            "direction": "test",
            "sub_type": "test",
            "traction": "test",
            "transmission": "test",
            "color": "test",
            "fuel": "test",
            "engine": "test",
            "price": 500,
            "slug": "maserati-a3-1993",
            "description": "<p>test</p>",
            "status": "IN",
            "views": 16
        }
    },
    {
        "model": "cars.car",
        "pk": 3,
        "fields": {
            "img": "medias/acura/s/03300.jpg",
            "brand": 8,
            "model": "s",
            "milage": "",
            "year": "",
            "direction": "",
            "sub_type": "",
            "traction": "",
            "transmission": "",
            "color": "",
            "fuel": "",
            "engine": "",
            "price": 30000,
            "slug": "acura-s-",
            "description": "",
            "status": "IN",
            "views": 19
        }
    },
    {
        "model": "cars.car",
        "pk": 5,
        "fields": {
            "img": "medias/acura/sss/80088.jpg",
            "brand": 8,
            "model": "sss",
            "milage": "",
            "year": "",
            "direction": "",
            "sub_type": "",
            "traction": "",
            "transmission": "",
            "color": "",
            "fuel": "",
            "engine": "",
            "price": null,
            "slug": "acura-sss-",
            "description": "",
            "status": "IN",
            "views": 18
        }
    },
    {
        "model": "cars.car",
        "pk": 6,
        "fields": {
            "img": "medias/acura/sssd/55555.jpg",
            "brand": 8,
            "model": "sssd",
            "milage": "",
            "year": "",
            "direction": "",
            "sub_type": "",
            "traction": "",
            "transmission": "",
            "color": "",
            "fuel": "",
            "engine": "",
            "price": null,
            "slug": "acura-sssd-",
            "description": "",
            "status": "IN",
            "views": 59
        }
    },
    {
        "model": "medias.photo",
        "pk": 4,
        "fields": {
            "img": "photos/lmp.jpg",
            "category": "",
            "alt": "",
            "position": 0,
            "featured": false,
            "content_type": 1,
            "object_id": 1
        }
    },
    {
        "model": "medias.photo",
        "pk": 5,
        "fields": {
            "img": "medias/2018/12/19/00111.jpg",
            "category": "",
            "alt": "",
            "position": 0,
            "featured": true,
            "content_type": 1,
            "object_id": 1
        }
    },
    {
        "model": "medias.photo",
        "pk": 6,
        "fields": {
            "img": "medias/2018/12/19/00222.jpg",
            "category": "",
            "alt": "",
            "position": 0,
            "featured": true,
            "content_type": 1,
            "object_id": 1
        }
    },
    {
        "model": "medias.photo",
        "pk": 7,
        "fields": {
            "img": "medias/2018/12/20/00000.jpg",
            "category": "",
            "alt": "",
            "position": 0,
            "featured": false,
            "content_type": 1,
            "object_id": 1
        }
    },
    {
        "model": "medias.photo",
        "pk": 8,
        "fields": {
            "img": "medias/2018/12/20/00000_P07tNQr.jpg",
            "category": "",
            "alt": "",
            "position": 0,
            "featured": false,
            "content_type": 1,
            "object_id": 1
        }
    },
    {
        "model": "medias.photo",
        "pk": 9,
        "fields": {
            "img": "medias/2018/12/20/00003.jpg",
            "category": "",
            "alt": "",
            "position": 0,
            "featured": false,
            "content_type": 1,
            "object_id": 1
        }
    },
    {
        "model": "medias.photo",
        "pk": 10,
        "fields": {
            "img": "medias/2018/12/20/00044.jpg",
            "category": "",
            "alt": "",
            "position": 0,
            "featured": false,
            "content_type": 1,
            "object_id": 1
        }
    },
    {
        "model": "medias.photo",
        "pk": 11,
        "fields": {
            "img": "medias/2018/12/20/10101.jpg",
            "category": "",
            "alt": "",
            "position": 0,
            "featured": false,
            "content_type": 20,
            "object_id": 6
        }
    },
    {
        "model": "medias.photo",
        "pk": 12,
        "fields": {
            "img": "medias/2018/12/20/22202.jpg",
            "category": "",
            "alt": "",
            "position": 0,
            "featured": false,
            "content_type": 20,
            "object_id": 6
        }
    },
    {
        "model": "medias.photo",
        "pk": 13,
        "fields": {
            "img": "medias/2018/12/20/33333.jpg",
            "category": "",
            "alt": "",
            "position": 0,
            "featured": false,
            "content_type": 20,
            "object_id": 6
        }
    },
    {
        "model": "medias.photo",
        "pk": 14,
        "fields": {
            "img": "medias/2018/12/20/00040.jpg",
            "category": "",
            "alt": "",
            "position": 0,
            "featured": false,
            "content_type": 20,
            "object_id": 6
        }
    },
    {
        "model": "medias.photo",
        "pk": 15,
        "fields": {
            "img": "medias/2018/12/20/50500.jpg",
            "category": "",
            "alt": "",
            "position": 0,
            "featured": false,
            "content_type": 20,
            "object_id": 6
        }
    },
    {
        "model": "auth.permission",
        "pk": 1,
        "fields": {
            "name": "Can add permission",
            "content_type": 1,
            "codename": "add_permission"
        }
    },
    {
        "model": "auth.permission",
        "pk": 2,
        "fields": {
            "name": "Can change permission",
            "content_type": 1,
            "codename": "change_permission"
        }
    },
    {
        "model": "auth.permission",
        "pk": 3,
        "fields": {
            "name": "Can delete permission",
            "content_type": 1,
            "codename": "delete_permission"
        }
    },
    {
        "model": "auth.permission",
        "pk": 4,
        "fields": {
            "name": "Can view permission",
            "content_type": 1,
            "codename": "view_permission"
        }
    },
    {
        "model": "auth.permission",
        "pk": 5,
        "fields": {
            "name": "Can add group",
            "content_type": 2,
            "codename": "add_group"
        }
    },
    {
        "model": "auth.permission",
        "pk": 6,
        "fields": {
            "name": "Can change group",
            "content_type": 2,
            "codename": "change_group"
        }
    },
    {
        "model": "auth.permission",
        "pk": 7,
        "fields": {
            "name": "Can delete group",
            "content_type": 2,
            "codename": "delete_group"
        }
    },
    {
        "model": "auth.permission",
        "pk": 8,
        "fields": {
            "name": "Can view group",
            "content_type": 2,
            "codename": "view_group"
        }
    },
    {
        "model": "auth.permission",
        "pk": 9,
        "fields": {
            "name": "Can add user",
            "content_type": 3,
            "codename": "add_user"
        }
    },
    {
        "model": "auth.permission",
        "pk": 10,
        "fields": {
            "name": "Can change user",
            "content_type": 3,
            "codename": "change_user"
        }
    },
    {
        "model": "auth.permission",
        "pk": 11,
        "fields": {
            "name": "Can delete user",
            "content_type": 3,
            "codename": "delete_user"
        }
    },
    {
        "model": "auth.permission",
        "pk": 12,
        "fields": {
            "name": "Can view user",
            "content_type": 3,
            "codename": "view_user"
        }
    },
    {
        "model": "auth.permission",
        "pk": 13,
        "fields": {
            "name": "Can add log entry",
            "content_type": 4,
            "codename": "add_logentry"
        }
    },
    {
        "model": "auth.permission",
        "pk": 14,
        "fields": {
            "name": "Can change log entry",
            "content_type": 4,
            "codename": "change_logentry"
        }
    },
    {
        "model": "auth.permission",
        "pk": 15,
        "fields": {
            "name": "Can delete log entry",
            "content_type": 4,
            "codename": "delete_logentry"
        }
    },
    {
        "model": "auth.permission",
        "pk": 16,
        "fields": {
            "name": "Can view log entry",
            "content_type": 4,
            "codename": "view_logentry"
        }
    },
    {
        "model": "auth.permission",
        "pk": 17,
        "fields": {
            "name": "Can add content type",
            "content_type": 5,
            "codename": "add_contenttype"
        }
    },
    {
        "model": "auth.permission",
        "pk": 18,
        "fields": {
            "name": "Can change content type",
            "content_type": 5,
            "codename": "change_contenttype"
        }
    },
    {
        "model": "auth.permission",
        "pk": 19,
        "fields": {
            "name": "Can delete content type",
            "content_type": 5,
            "codename": "delete_contenttype"
        }
    },
    {
        "model": "auth.permission",
        "pk": 20,
        "fields": {
            "name": "Can view content type",
            "content_type": 5,
            "codename": "view_contenttype"
        }
    },
    {
        "model": "auth.permission",
        "pk": 21,
        "fields": {
            "name": "Can add session",
            "content_type": 6,
            "codename": "add_session"
        }
    },
    {
        "model": "auth.permission",
        "pk": 22,
        "fields": {
            "name": "Can change session",
            "content_type": 6,
            "codename": "change_session"
        }
    },
    {
        "model": "auth.permission",
        "pk": 23,
        "fields": {
            "name": "Can delete session",
            "content_type": 6,
            "codename": "delete_session"
        }
    },
    {
        "model": "auth.permission",
        "pk": 24,
        "fields": {
            "name": "Can view session",
            "content_type": 6,
            "codename": "view_session"
        }
    },
    {
        "model": "auth.permission",
        "pk": 25,
        "fields": {
            "name": "Can add site",
            "content_type": 7,
            "codename": "add_site"
        }
    },
    {
        "model": "auth.permission",
        "pk": 26,
        "fields": {
            "name": "Can change site",
            "content_type": 7,
            "codename": "change_site"
        }
    },
    {
        "model": "auth.permission",
        "pk": 27,
        "fields": {
            "name": "Can delete site",
            "content_type": 7,
            "codename": "delete_site"
        }
    },
    {
        "model": "auth.permission",
        "pk": 28,
        "fields": {
            "name": "Can view site",
            "content_type": 7,
            "codename": "view_site"
        }
    },
    {
        "model": "auth.permission",
        "pk": 29,
        "fields": {
            "name": "Can add flat page",
            "content_type": 8,
            "codename": "add_flatpage"
        }
    },
    {
        "model": "auth.permission",
        "pk": 30,
        "fields": {
            "name": "Can change flat page",
            "content_type": 8,
            "codename": "change_flatpage"
        }
    },
    {
        "model": "auth.permission",
        "pk": 31,
        "fields": {
            "name": "Can delete flat page",
            "content_type": 8,
            "codename": "delete_flatpage"
        }
    },
    {
        "model": "auth.permission",
        "pk": 32,
        "fields": {
            "name": "Can view flat page",
            "content_type": 8,
            "codename": "view_flatpage"
        }
    },
    {
        "model": "auth.permission",
        "pk": 33,
        "fields": {
            "name": "Can add redirect",
            "content_type": 9,
            "codename": "add_redirect"
        }
    },
    {
        "model": "auth.permission",
        "pk": 34,
        "fields": {
            "name": "Can change redirect",
            "content_type": 9,
            "codename": "change_redirect"
        }
    },
    {
        "model": "auth.permission",
        "pk": 35,
        "fields": {
            "name": "Can delete redirect",
            "content_type": 9,
            "codename": "delete_redirect"
        }
    },
    {
        "model": "auth.permission",
        "pk": 36,
        "fields": {
            "name": "Can view redirect",
            "content_type": 9,
            "codename": "view_redirect"
        }
    },
    {
        "model": "auth.permission",
        "pk": 37,
        "fields": {
            "name": "Can add association",
            "content_type": 10,
            "codename": "add_association"
        }
    },
    {
        "model": "auth.permission",
        "pk": 38,
        "fields": {
            "name": "Can change association",
            "content_type": 10,
            "codename": "change_association"
        }
    },
    {
        "model": "auth.permission",
        "pk": 39,
        "fields": {
            "name": "Can delete association",
            "content_type": 10,
            "codename": "delete_association"
        }
    },
    {
        "model": "auth.permission",
        "pk": 40,
        "fields": {
            "name": "Can view association",
            "content_type": 10,
            "codename": "view_association"
        }
    },
    {
        "model": "auth.permission",
        "pk": 41,
        "fields": {
            "name": "Can add code",
            "content_type": 11,
            "codename": "add_code"
        }
    },
    {
        "model": "auth.permission",
        "pk": 42,
        "fields": {
            "name": "Can change code",
            "content_type": 11,
            "codename": "change_code"
        }
    },
    {
        "model": "auth.permission",
        "pk": 43,
        "fields": {
            "name": "Can delete code",
            "content_type": 11,
            "codename": "delete_code"
        }
    },
    {
        "model": "auth.permission",
        "pk": 44,
        "fields": {
            "name": "Can view code",
            "content_type": 11,
            "codename": "view_code"
        }
    },
    {
        "model": "auth.permission",
        "pk": 45,
        "fields": {
            "name": "Can add nonce",
            "content_type": 12,
            "codename": "add_nonce"
        }
    },
    {
        "model": "auth.permission",
        "pk": 46,
        "fields": {
            "name": "Can change nonce",
            "content_type": 12,
            "codename": "change_nonce"
        }
    },
    {
        "model": "auth.permission",
        "pk": 47,
        "fields": {
            "name": "Can delete nonce",
            "content_type": 12,
            "codename": "delete_nonce"
        }
    },
    {
        "model": "auth.permission",
        "pk": 48,
        "fields": {
            "name": "Can view nonce",
            "content_type": 12,
            "codename": "view_nonce"
        }
    },
    {
        "model": "auth.permission",
        "pk": 49,
        "fields": {
            "name": "Can add user social auth",
            "content_type": 13,
            "codename": "add_usersocialauth"
        }
    },
    {
        "model": "auth.permission",
        "pk": 50,
        "fields": {
            "name": "Can change user social auth",
            "content_type": 13,
            "codename": "change_usersocialauth"
        }
    },
    {
        "model": "auth.permission",
        "pk": 51,
        "fields": {
            "name": "Can delete user social auth",
            "content_type": 13,
            "codename": "delete_usersocialauth"
        }
    },
    {
        "model": "auth.permission",
        "pk": 52,
        "fields": {
            "name": "Can view user social auth",
            "content_type": 13,
            "codename": "view_usersocialauth"
        }
    },
    {
        "model": "auth.permission",
        "pk": 53,
        "fields": {
            "name": "Can add partial",
            "content_type": 14,
            "codename": "add_partial"
        }
    },
    {
        "model": "auth.permission",
        "pk": 54,
        "fields": {
            "name": "Can change partial",
            "content_type": 14,
            "codename": "change_partial"
        }
    },
    {
        "model": "auth.permission",
        "pk": 55,
        "fields": {
            "name": "Can delete partial",
            "content_type": 14,
            "codename": "delete_partial"
        }
    },
    {
        "model": "auth.permission",
        "pk": 56,
        "fields": {
            "name": "Can view partial",
            "content_type": 14,
            "codename": "view_partial"
        }
    },
    {
        "model": "auth.permission",
        "pk": 57,
        "fields": {
            "name": "Can add Token",
            "content_type": 15,
            "codename": "add_token"
        }
    },
    {
        "model": "auth.permission",
        "pk": 58,
        "fields": {
            "name": "Can change Token",
            "content_type": 15,
            "codename": "change_token"
        }
    },
    {
        "model": "auth.permission",
        "pk": 59,
        "fields": {
            "name": "Can delete Token",
            "content_type": 15,
            "codename": "delete_token"
        }
    },
    {
        "model": "auth.permission",
        "pk": 60,
        "fields": {
            "name": "Can view Token",
            "content_type": 15,
            "codename": "view_token"
        }
    },
    {
        "model": "auth.permission",
        "pk": 61,
        "fields": {
            "name": "Can add newsletter",
            "content_type": 16,
            "codename": "add_newsletter"
        }
    },
    {
        "model": "auth.permission",
        "pk": 62,
        "fields": {
            "name": "Can change newsletter",
            "content_type": 16,
            "codename": "change_newsletter"
        }
    },
    {
        "model": "auth.permission",
        "pk": 63,
        "fields": {
            "name": "Can delete newsletter",
            "content_type": 16,
            "codename": "delete_newsletter"
        }
    },
    {
        "model": "auth.permission",
        "pk": 64,
        "fields": {
            "name": "Can view newsletter",
            "content_type": 16,
            "codename": "view_newsletter"
        }
    },
    {
        "model": "auth.permission",
        "pk": 65,
        "fields": {
            "name": "Can add Perfil de Usuario",
            "content_type": 17,
            "codename": "add_profile"
        }
    },
    {
        "model": "auth.permission",
        "pk": 66,
        "fields": {
            "name": "Can change Perfil de Usuario",
            "content_type": 17,
            "codename": "change_profile"
        }
    },
    {
        "model": "auth.permission",
        "pk": 67,
        "fields": {
            "name": "Can delete Perfil de Usuario",
            "content_type": 17,
            "codename": "delete_profile"
        }
    },
    {
        "model": "auth.permission",
        "pk": 68,
        "fields": {
            "name": "Can view Perfil de Usuario",
            "content_type": 17,
            "codename": "view_profile"
        }
    },
    {
        "model": "auth.permission",
        "pk": 69,
        "fields": {
            "name": "Can add Frecuencia de visita",
            "content_type": 18,
            "codename": "add_frecuency"
        }
    },
    {
        "model": "auth.permission",
        "pk": 70,
        "fields": {
            "name": "Can change Frecuencia de visita",
            "content_type": 18,
            "codename": "change_frecuency"
        }
    },
    {
        "model": "auth.permission",
        "pk": 71,
        "fields": {
            "name": "Can delete Frecuencia de visita",
            "content_type": 18,
            "codename": "delete_frecuency"
        }
    },
    {
        "model": "auth.permission",
        "pk": 72,
        "fields": {
            "name": "Can view Frecuencia de visita",
            "content_type": 18,
            "codename": "view_frecuency"
        }
    },
    {
        "model": "auth.permission",
        "pk": 73,
        "fields": {
            "name": "Can add Marca",
            "content_type": 19,
            "codename": "add_brand"
        }
    },
    {
        "model": "auth.permission",
        "pk": 74,
        "fields": {
            "name": "Can change Marca",
            "content_type": 19,
            "codename": "change_brand"
        }
    },
    {
        "model": "auth.permission",
        "pk": 75,
        "fields": {
            "name": "Can delete Marca",
            "content_type": 19,
            "codename": "delete_brand"
        }
    },
    {
        "model": "auth.permission",
        "pk": 76,
        "fields": {
            "name": "Can view Marca",
            "content_type": 19,
            "codename": "view_brand"
        }
    },
    {
        "model": "auth.permission",
        "pk": 77,
        "fields": {
            "name": "Can add Carro",
            "content_type": 20,
            "codename": "add_car"
        }
    },
    {
        "model": "auth.permission",
        "pk": 78,
        "fields": {
            "name": "Can change Carro",
            "content_type": 20,
            "codename": "change_car"
        }
    },
    {
        "model": "auth.permission",
        "pk": 79,
        "fields": {
            "name": "Can delete Carro",
            "content_type": 20,
            "codename": "delete_car"
        }
    },
    {
        "model": "auth.permission",
        "pk": 80,
        "fields": {
            "name": "Can view Carro",
            "content_type": 20,
            "codename": "view_car"
        }
    },
    {
        "model": "auth.permission",
        "pk": 81,
        "fields": {
            "name": "Can add Video",
            "content_type": 21,
            "codename": "add_video"
        }
    },
    {
        "model": "auth.permission",
        "pk": 82,
        "fields": {
            "name": "Can change Video",
            "content_type": 21,
            "codename": "change_video"
        }
    },
    {
        "model": "auth.permission",
        "pk": 83,
        "fields": {
            "name": "Can delete Video",
            "content_type": 21,
            "codename": "delete_video"
        }
    },
    {
        "model": "auth.permission",
        "pk": 84,
        "fields": {
            "name": "Can view Video",
            "content_type": 21,
            "codename": "view_video"
        }
    },
    {
        "model": "auth.permission",
        "pk": 85,
        "fields": {
            "name": "Can add Foto",
            "content_type": 22,
            "codename": "add_photo"
        }
    },
    {
        "model": "auth.permission",
        "pk": 86,
        "fields": {
            "name": "Can change Foto",
            "content_type": 22,
            "codename": "change_photo"
        }
    },
    {
        "model": "auth.permission",
        "pk": 87,
        "fields": {
            "name": "Can delete Foto",
            "content_type": 22,
            "codename": "delete_photo"
        }
    },
    {
        "model": "auth.permission",
        "pk": 88,
        "fields": {
            "name": "Can view Foto",
            "content_type": 22,
            "codename": "view_photo"
        }
    },
    {
        "model": "auth.permission",
        "pk": 89,
        "fields": {
            "name": "Can add Carousel",
            "content_type": 23,
            "codename": "add_carousel"
        }
    },
    {
        "model": "auth.permission",
        "pk": 90,
        "fields": {
            "name": "Can change Carousel",
            "content_type": 23,
            "codename": "change_carousel"
        }
    },
    {
        "model": "auth.permission",
        "pk": 91,
        "fields": {
            "name": "Can delete Carousel",
            "content_type": 23,
            "codename": "delete_carousel"
        }
    },
    {
        "model": "auth.permission",
        "pk": 92,
        "fields": {
            "name": "Can view Carousel",
            "content_type": 23,
            "codename": "view_carousel"
        }
    },
    {
        "model": "auth.permission",
        "pk": 93,
        "fields": {
            "name": "Can add Im\u00e1gen del carousel",
            "content_type": 27,
            "codename": "add_carouselimage"
        }
    },
    {
        "model": "auth.permission",
        "pk": 94,
        "fields": {
            "name": "Can change Im\u00e1gen del carousel",
            "content_type": 27,
            "codename": "change_carouselimage"
        }
    },
    {
        "model": "auth.permission",
        "pk": 95,
        "fields": {
            "name": "Can delete Im\u00e1gen del carousel",
            "content_type": 27,
            "codename": "delete_carouselimage"
        }
    },
    {
        "model": "auth.permission",
        "pk": 96,
        "fields": {
            "name": "Can view Im\u00e1gen del carousel",
            "content_type": 27,
            "codename": "view_carouselimage"
        }
    },
    {
        "model": "auth.permission",
        "pk": 97,
        "fields": {
            "name": "Can add P\u00e1gina",
            "content_type": 25,
            "codename": "add_pages"
        }
    },
    {
        "model": "auth.permission",
        "pk": 98,
        "fields": {
            "name": "Can change P\u00e1gina",
            "content_type": 25,
            "codename": "change_pages"
        }
    },
    {
        "model": "auth.permission",
        "pk": 99,
        "fields": {
            "name": "Can delete P\u00e1gina",
            "content_type": 25,
            "codename": "delete_pages"
        }
    },
    {
        "model": "auth.permission",
        "pk": 100,
        "fields": {
            "name": "Can view P\u00e1gina",
            "content_type": 25,
            "codename": "view_pages"
        }
    },
    {
        "model": "auth.permission",
        "pk": 101,
        "fields": {
            "name": "Can add Posici\u00f3n",
            "content_type": 26,
            "codename": "add_position"
        }
    },
    {
        "model": "auth.permission",
        "pk": 102,
        "fields": {
            "name": "Can change Posici\u00f3n",
            "content_type": 26,
            "codename": "change_position"
        }
    },
    {
        "model": "auth.permission",
        "pk": 103,
        "fields": {
            "name": "Can delete Posici\u00f3n",
            "content_type": 26,
            "codename": "delete_position"
        }
    },
    {
        "model": "auth.permission",
        "pk": 104,
        "fields": {
            "name": "Can view Posici\u00f3n",
            "content_type": 26,
            "codename": "view_position"
        }
    },
    {
        "model": "auth.permission",
        "pk": 105,
        "fields": {
            "name": "Can add Informacion del sitio",
            "content_type": 24,
            "codename": "add_site"
        }
    },
    {
        "model": "auth.permission",
        "pk": 106,
        "fields": {
            "name": "Can change Informacion del sitio",
            "content_type": 24,
            "codename": "change_site"
        }
    },
    {
        "model": "auth.permission",
        "pk": 107,
        "fields": {
            "name": "Can delete Informacion del sitio",
            "content_type": 24,
            "codename": "delete_site"
        }
    },
    {
        "model": "auth.permission",
        "pk": 108,
        "fields": {
            "name": "Can view Informacion del sitio",
            "content_type": 24,
            "codename": "view_site"
        }
    },
    {
        "model": "auth.permission",
        "pk": 109,
        "fields": {
            "name": "Can add Perfiles de redes sociales",
            "content_type": 28,
            "codename": "add_socialmedia"
        }
    },
    {
        "model": "auth.permission",
        "pk": 110,
        "fields": {
            "name": "Can change Perfiles de redes sociales",
            "content_type": 28,
            "codename": "change_socialmedia"
        }
    },
    {
        "model": "auth.permission",
        "pk": 111,
        "fields": {
            "name": "Can delete Perfiles de redes sociales",
            "content_type": 28,
            "codename": "delete_socialmedia"
        }
    },
    {
        "model": "auth.permission",
        "pk": 112,
        "fields": {
            "name": "Can view Perfiles de redes sociales",
            "content_type": 28,
            "codename": "view_socialmedia"
        }
    },
    {
        "model": "auth.permission",
        "pk": 113,
        "fields": {
            "name": "Can add Widget",
            "content_type": 29,
            "codename": "add_widget"
        }
    },
    {
        "model": "auth.permission",
        "pk": 114,
        "fields": {
            "name": "Can change Widget",
            "content_type": 29,
            "codename": "change_widget"
        }
    },
    {
        "model": "auth.permission",
        "pk": 115,
        "fields": {
            "name": "Can delete Widget",
            "content_type": 29,
            "codename": "delete_widget"
        }
    },
    {
        "model": "auth.permission",
        "pk": 116,
        "fields": {
            "name": "Can view Widget",
            "content_type": 29,
            "codename": "view_widget"
        }
    }
]